"asc_alimentos","bnpersonas_alimentos","bnmenores_0_4_alimentos","bnmenores_5_14_alimentos","bntrabajadores_alimentos","bnprofesionales_alimentos","bedadpromedio_alimentos","bq2_alimentos","bq3_alimentos","bq4_alimentos","bq5_alimentos","bmetro_alimentos","asc_cuentas","bnpersonas_cuentas","bnmenores_0_4_cuentas","bnmenores_5_14_cuentas","bntrabajadores_cuentas","bnprofesionales_cuentas","bedadpromedio_cuentas","bq2_cuentas","bq3_cuentas","bq4_cuentas","bq5_cuentas","bmetro_cuentas","asc_hogar","bnpersonas_hogar","bnmenores_0_4_hogar","bnmenores_5_14_hogar","bntrabajadores_hogar","bnprofesionales_hogar","bedadpromedio_hogar","bq2_hogar","bq3_hogar","bq4_hogar","bq5_hogar","bmetro_hogar","asc_salud","bnpersonas_salud","bnmenores_0_4_salud","bnmenores_5_14_salud","bntrabajadores_salud","bnprofesionales_salud","bedadpromedio_salud","bq2_salud","bq3_salud","bq4_salud","bq5_salud","bmetro_salud","asc_transporte","bnpersonas_transporte","bnmenores_0_4_transporte","bnmenores_5_14_transporte","bntrabajadores_transporte","bnprofesionales_transporte","bedadpromedio_transporte","bq2_transporte","bq3_transporte","bq4_transporte","bq5_transporte","bmetro_transporte","asc_comunicaciones","bnpersonas_comunicaciones","bnmenores_0_4_comunicaciones","bnmenores_5_14_comunicaciones","bntrabajadores_comunicaciones","bnprofesionales_comunicaciones","bedadpromedio_comunicaciones","bq2_comunicaciones","bq3_comunicaciones","bq4_comunicaciones","bq5_comunicaciones","bmetro_comunicaciones","asc_recreacion","bnpersonas_recreacion","bnmenores_0_4_recreacion","bnmenores_5_14_recreacion","bntrabajadores_recreacion","bnprofesionales_recreacion","bedadpromedio_recreacion","bq2_recreacion","bq3_recreacion","bq4_recreacion","bq5_recreacion","bmetro_recreacion","asc_educacion","bnpersonas_educacion","bnmenores_0_4_educacion","bnmenores_5_14_educacion","bntrabajadores_educacion","bnprofesionales_educacion","bedadpromedio_educacion","bq2_educacion","bq3_educacion","bq4_educacion","bq5_educacion","bmetro_educacion","asc_restaurantes","bnpersonas_restaurantes","bnmenores_0_4_restaurantes","bnmenores_5_14_restaurantes","bntrabajadores_restaurantes","bnprofesionales_restaurantes","bedadpromedio_restaurantes","bq2_restaurantes","bq3_restaurantes","bq4_restaurantes","bq5_restaurantes","bmetro_restaurantes","logLike"
0,0,0,0,0,0,0,0,0,0,0,0,0,0,0,0,0,0,0,0,0,0,0,0,0,0,0,0,0,0,0,0,0,0,0,0,0,0,0,0,0,0,0,0,0,0,0,0,0,0,0,0,0,0,0,0,0,0,0,0,0,0,0,0,0,0,0,0,0,0,0,0,0,0,0,0,0,0,0,0,0,0,0,0,0,0,0,0,0,0,0,0,0,0,0,0,0,0,0,0,0,0,0,0,0,0,0,0,-34561.8022458461
0.0699942067495358,0.0164898199669508,0.0459442574767063,0.0284874849297855,0.0403680393576938,0.0545577368276903,0.00130219375197508,0.0665854990810152,0.0711305164534989,0.0867249777425472,0.107107963392052,0.0601400284558107,0.0800715912997961,0.0253651667846023,0.0563167004080566,0.037126003830698,0.0529853540614082,0.0471836920012858,0.00147609355196694,0.0725070567903405,0.0820390277915854,0.0875870468233153,0.108574992619011,0.0749637068221367,-0.17060032623252,-0.0496562020620779,-0.117287123857328,-0.0790625467296426,-0.11051944290533,-0.0537834201267901,-0.00263363133164331,-0.182793296349507,-0.175920072825932,-0.169801858152742,-0.0892007759054184,-0.159414248027823,-0.022821200490792,-0.00946630597478971,-0.0294417017812199,-0.0403763125453941,-0.0232512362861766,0.00415839642405466,-2.68675649950508e-05,-0.0270622228082279,-0.0134738929909971,0.00229782311314178,0.00146390397042877,-0.0236147345789808,0.0344692382894605,0.011361966897278,0.0352091959311579,0.020894271237753,0.0310926536869364,0.0256268438558506,0.000503251291259665,0.0261470755102909,0.0432868266694624,0.0571355345387994,0.0644242020738348,0.0244561068959399,-0.159362914390295,-0.0438146129204926,-0.126943127358363,-0.0791706856394859,-0.0931146494207381,-0.119561106284843,-0.00302431764188306,-0.131039615724627,-0.134643895241043,-0.189321192754693,-0.314067260528796,-0.151712342690941,-0.196051916701882,-0.0530782311541441,-0.144616567308049,-0.090726559839859,-0.109153358376135,-0.059433550792455,-0.00376723143412334,-0.187705954324488,-0.206812531619064,-0.189043523507817,-0.144850634125994,-0.179311345620228,-0.115695825404691,-0.0252743616800296,-0.0903848289792951,-0.0385980256891533,-0.063924499078718,-0.0473673331036743,-0.00304313161395829,-0.108986391408558,-0.104688680783754,-0.112799561191474,-0.0782738649035081,-0.113412120852349,-0.171748109985491,-0.0496015178395988,-0.144167812272922,-0.0870684341470106,-0.0913124131330497,-0.0568575623200384,-0.00330628487160305,-0.181806851966118,-0.178970133638926,-0.157404638011989,-0.110194295097589,-0.156129371396848,-32236.741550567
0.199986661016286,0.050953647612346,0.137377237797975,0.0857524138797678,0.114564778064284,-0.00904715094900207,0.00376037045343885,0.22085786122986,0.222771506036124,0.200733094531873,-0.0904393543256203,0.178486445625015,0.155487677274409,0.0288734113231728,0.0472655545825661,0.0225816421266227,0.0546243085540305,0.0355191655165319,0.0031180448047859,0.138733716197382,0.12401385991651,0.0844395466486428,0.0405537889615352,0.117711383804309,-0.198136784115073,-0.0503041581959102,-0.0136095114548584,-0.0369298565906781,-0.0771781274693289,0.0557529596082885,-0.00278801179507279,-0.274056330109786,-0.189983357105801,-0.0492461456186172,0.184004533144086,-0.150449068878967,-0.0908999550578184,-0.0342634486217402,-0.0924394068952958,-0.126102957627054,-0.0816219763118836,0.0112526108715236,-0.000389386630692198,-0.103820700649784,-0.059335915761935,-0.0101313535247809,0.00309261518283576,-0.0878986860059455,-0.0253234282531764,-0.00274323394470747,0.00438287679657391,-0.0107882678627292,0.0212493078777588,0.0336503576668356,-0.00110397182086843,-0.0588134714167357,-0.0132926804387401,0.0500287891801028,0.116645442093042,-0.0676726747695512,0.054719531892242,0.0278252431900421,0.0752754999996256,0.0544657940744866,0.0914522220437071,0.124126380543181,0.0006156526974483,0.0658709705882412,0.182686205280912,0.27299618560836,0.28503453520643,0.0740651774390941,-0.20801510353578,-0.0394264964678847,-0.0463001372833131,0.00402934960477606,-0.04179555527211,0.0443926249313696,-0.00485396802552423,-0.216583756405881,-0.175155785024402,-0.0352240843567009,0.120127781991213,-0.143988055585282,-0.24022791329392,-0.0391041333814633,-0.166899688928798,-0.0387600968745183,-0.10674732014614,-0.0247779040545872,-0.0081845552480622,-0.246623486300988,-0.19651647496913,-0.162104969360534,0.00470369680329495,-0.227803076705362,-0.178299986761439,-0.0375732664829874,-0.0449755073618395,-0.0532565581582094,-0.00664648503024733,0.0764945471694214,-0.00462569789443116,-0.257447420661971,-0.101462087935589,0.0561378438902841,0.194325584621553,-0.0783170637875787,-32040.1763102413
0.297031384898691,0.0755085423756965,0.170323183759359,0.109011503367034,0.131924549058641,-0.0411910720768631,0.00625589433841529,0.310032836063035,0.222677637266704,0.110842841310205,-0.161950536362411,0.284011693052662,0.246427526571491,0.0440893534198349,0.126918498001346,0.0599189070104505,0.091978413096779,0.082600026525725,0.00523175787106172,0.232545265780209,0.229207140691804,0.189919485765592,0.138418414446893,0.197821211101399,-0.191431124426841,-0.0459165574878168,0.0543378142051744,-0.00379280018708315,-0.053151357330531,0.10772365274186,-0.00233407129844571,-0.178374300139358,-0.0589373968312662,0.092820699806113,0.319599785668803,-0.112195935027177,0.0451138077250873,0.0148416356129063,0.0659126600413719,-0.0246465233898916,0.0308426073042448,0.108925975796725,0.0019643972069445,0.0617501083628518,0.130391161637793,0.219646791228751,0.221529720075875,0.0518015738785482,0.0633777943837539,0.0250542971441978,0.107598813890028,0.0518627682476931,0.098669064395022,0.0876185328948676,0.00052063824667279,0.0907505108462567,0.166951904750629,0.227819319519843,0.256233995877177,0.022758385299245,-0.235210208323644,-0.0417278682052038,-0.161800884317512,-0.0910121880264715,-0.0644373268002247,0.0197880747481885,-0.00635598933050206,-0.419308010159268,-0.283230459069711,-0.133025458470181,-0.00157510549205059,-0.244263613274465,-0.220033720888603,-0.0394263145771952,-0.0383853940738468,0.0208530437692725,-0.0258719048485454,0.0921879468913671,-0.00533285462813455,-0.170582292307319,-0.0991843415569708,0.0586530200188874,0.221293516145377,-0.131360927543888,-0.180099153703364,-0.0106095183865838,-0.0775609426143265,0.0291416183797745,-0.0376181839750751,0.0426318452400805,-0.00877089803266854,-0.15871647441787,-0.0393315635121696,0.0270494307217179,0.180465419367381,-0.153601826279098,-0.200291437236503,-0.0395040502694426,-0.0510789041423016,-0.0536945887850015,0.0176748368890473,0.119662362329243,-0.00574164657548672,-0.219536435222028,-0.0166624168291087,0.174707816536273,0.29248941299234,-0.0575914035756739,-31317.1788020665
0.445664276837795,0.113560227808811,0.133243786489064,0.0767617112025497,0.102425345652072,-0.165456301588441,0.0120085362427192,0.153766170504968,-0.0528930408958883,-0.293433414105783,-0.467502687296858,0.433550936893729,0.453219430148713,0.0398682178403946,0.20714228546738,0.0691746317508154,0.0907534059056858,0.103755045729924,0.00988802650902382,0.288485412257383,0.234147460125955,0.167274960981581,0.0979610039955983,0.256054268584706,-0.267343823997787,-0.0625766768335677,0.247318343526097,0.0505884873071868,-0.0356755823783502,0.261156548357488,-0.00136973686767856,0.0993950302188562,0.233029759565205,0.417662262735016,0.771935575392198,-0.0369292891582754,-0.0914238933293629,-0.0224262646607913,0.0252147856681755,-0.171536186583614,-0.078022427217486,0.0826163771725761,0.00289151526457996,0.100612653538827,0.228594214800657,0.300630757015868,0.103540840418446,-0.0224394565531556,0.133164898563334,0.0587996877855096,0.241360612462322,0.117258249418364,0.245163943703543,0.193736616752002,0.000613847538599093,0.313678798346702,0.470816046108407,0.581227306493352,0.63321635861931,0.0870926156567088,-0.140330954295192,-0.0183236755912575,-0.0404146904610509,-0.025388621619263,4.73598872132719e-05,0.0114787966046425,-0.00353781594991211,0.314362059031649,0.31814168923408,0.232782093748646,-0.101596607576801,-0.0894768896682236,-0.27380067676469,-0.0402374762119524,-0.0204591792142214,0.103768466120268,0.0378494256285292,0.270558522316488,-0.0071107853627015,0.167866510595446,0.195802238294391,0.36371025632142,0.560657625118465,-0.037659035540766,-0.164086751668997,0.0496515334533544,0.0210653388911674,0.195454410017699,0.0800802964506091,0.254313921750665,-0.0158127487661156,0.00609594456626009,0.286179517728621,0.459465873696892,0.798913744721203,-0.0643853818797733,-0.24498999675409,-0.0329536584010916,0.0090865399734324,-0.0279870715045158,0.162413288528039,0.279115191113147,-0.00938406861212627,0.178069725405641,0.418835080568302,0.633714180721798,0.711755716677664,0.171919413789472,-31113.4731320357
0.571477593018588,0.157819696785799,0.145846129623006,0.0429365667785195,0.0979680130931276,-0.0693807272805616,0.0172626634622718,-0.146830346579713,-0.300490772016032,-0.463981629557297,-0.370529179714522,0.501441261187124,0.694451522290252,0.0143740210039118,0.337834852526132,0.10347545177994,0.0859488959359984,0.167588696358794,0.0141490223708077,0.188536283845907,0.148943040998432,0.109530995879719,0.102284209003039,0.262688822559563,-0.393530146623973,-0.0942762559269411,0.358576484999891,0.134712077535313,-0.042504345764712,0.239477591153443,0.00139828069225982,0.627388465538252,0.642769771309577,0.628896872865847,0.85057793413918,0.120531132950715,0.042595224206011,0.0346340512582688,0.327489935260014,-0.0151798449762831,0.033719410697342,0.198521456038977,0.00882244370292435,0.595827811138738,0.672022283067474,0.727026079766138,0.50573951626141,0.236013491493958,0.0828317071148327,0.0507060152456447,0.179092716201533,0.0451324406425922,0.257289785592761,0.200121233469768,-0.00118234235673085,0.500707475693666,0.497064332191167,0.576257419223444,0.767335637236501,0.0532620150687409,-0.0279701794883123,0.00811738933340621,0.0195654171675938,0.0277232727138293,0.0770295497511517,-0.0324275722136164,-3.60400791132543e-05,1.05922133168588,0.983524747868129,0.655048363354245,-0.262017054008184,0.111896220258455,-0.320049004343727,-0.0429043321945741,-0.0333674445471421,0.140970396195178,0.10492537759374,0.368412873161092,-0.00740800784128979,0.729983270540674,0.613076141306193,0.636454380629946,0.716053296593099,0.172765048936095,-0.178691721117809,0.121718070998089,-0.177979039223324,0.144387361731254,0.135588723468533,0.320958458204465,-0.0271500239371676,0.450575024720898,0.718872167295214,0.830450487027591,1.0676190381546,0.0769069566299515,-0.340233836454718,-0.0524922950364616,-0.20080814707812,-0.0885816801389511,0.246994658218961,0.176363738113926,-0.0134633334252905,0.822917854845259,0.774871360398879,0.7227441571597,0.708171503778438,0.432958835504133,-30766.7129018312
0.578586968014047,0.176371792133314,0.262361223740213,0.0773036331256035,0.130721068919783,0.0741905219741668,0.0173283740309407,-0.0724585053842066,-0.178199516532405,-0.260869815089026,-0.389036378976515,0.439761806081783,0.753241345384573,-0.00977762694550265,0.334942067060998,0.123783857491632,0.0842853736494059,0.156007733809997,0.014108270311606,0.18101232404613,0.122971943538861,0.00514786063436974,-0.0268220093634529,0.233843705280067,-0.34781995926485,-0.0825281579617207,0.345605683220526,0.185419339812444,0.0130818857658842,0.214713597558528,0.00550358290533084,0.810985839499817,0.843625998123138,0.829060088494079,0.967216042548354,0.306242367736841,-0.0378797692974858,0.0140441091853882,0.158613669501968,-0.0604463714407097,-0.0272931425073532,0.16102877868943,0.0088696673393366,0.434950744458842,0.451040170906083,0.44231130423444,0.523962402682159,0.164279345768057,0.110210025171979,0.0519832234279914,0.0953705196150734,0.0107000958922818,0.248754925735032,0.156874542036866,8.25285341534325e-05,0.693657409766665,0.588012065556744,0.543309045866395,0.688104265017759,0.121828421702045,-0.0256437199687859,0.00678225126872487,-0.033687487300572,-0.0239569992782564,0.0754208879252676,0.0046947783551107,0.000521471776535363,0.603456514768311,0.64435412326122,0.676042567065665,0.00877019079913138,0.150968062879998,-0.319261517321647,-0.0475382418099638,-0.0329740344219949,0.0208779199181342,0.0850458209290412,0.228340496121116,-0.00565170079568904,0.733146204738593,0.661242734123629,0.585405736217788,0.520910316223727,0.262436184018266,-0.169959215434027,0.138582058368159,-0.474470271578754,-0.0650475486685065,0.0775488338081773,0.162314177694673,-0.0302714960744882,0.776606494996001,0.88875627219202,0.778267559559715,0.787623947887386,0.149718788859379,-0.238430244650502,-0.0289882750172111,-0.0805043015357584,-0.0341145974086403,0.288235108968785,0.20915304165402,-0.0108891763060208,0.887997824641535,0.897011767898095,0.888960159530421,1.01772509697382,0.601805248641698,-30626.9208083609
0.51333235287505,0.17623488627864,0.217638659587139,0.0517407267959031,0.125366592694841,0.0393278293927606,0.0158570857756456,0.140046675671066,-0.0366862574429517,-0.28326245610736,-0.855982864146439,0.339838410113453,0.837823005779877,-0.0319373992654406,0.312633197825283,0.121004029075351,0.114808727575733,0.14119116733267,0.014090612723713,0.238878695647942,0.189798478463466,0.0225470963986894,-0.132796693587105,0.260453029296381,-0.451385035756598,-0.115260450302787,0.111156289186549,0.0484795782714,-0.0327117794050086,0.138287003166687,0.00762439147623862,0.322729330058962,0.478048678657649,0.669209515533151,1.00238183151288,0.248571983195933,-0.0526258610021043,0.0131782063891056,0.107798521507438,-0.0393417221701118,-0.0305656365513416,0.16286567371286,0.0100541852137488,0.414324065632341,0.420520005445627,0.391992689380415,0.572366126423835,0.176930655948133,0.150033097057468,0.0556344963321678,0.0411972107058095,-0.0154105704390506,0.237591479189309,0.125715352771358,0.00161482915352198,0.727674643728638,0.687405819394594,0.583856228548125,0.621176015319298,0.203809839139913,-0.0128548136901957,0.00896808609761674,-0.0163728161234627,-0.0557026458580281,0.0829041995168231,0.111848597628105,0.00140651904084877,0.219984353519748,0.299997879864429,0.569596761750386,0.505256780826593,0.208539217621143,-0.216699368145362,-0.0184453608031326,0.202311500102696,0.0757366825765374,0.134873462672329,0.184514490917255,-0.00150105756034402,0.686064529512707,0.760980732063457,0.781892644893323,0.702221654660065,0.42310008879284,-0.0793912928770227,0.177928944304164,-0.617347751708601,-0.220355862507544,0.0470003404028513,0.0997949375741662,-0.0316400071775158,1.01454336467752,1.05930742211743,0.895266370719592,0.798638982050915,0.268559882332948,-0.260002315453911,-0.046260717747066,-0.101335126591449,-0.0971862034484082,0.172456883429105,0.181171952310997,-0.0102825081486216,0.409568393155217,0.459735520364575,0.727774150063202,1.04632968993306,0.44693893811621,-30541.6380569183
0.498256857894027,0.174219828489708,0.154522963472769,0.0268426918255546,0.121759395983466,0.0149400132761682,0.0156755642982805,0.200839230470458,-0.0120116086195543,-0.317193083024494,-0.921966937212975,0.337994486004927,0.845952973820836,-0.0418842546371334,0.285323404736408,0.0952135463324891,0.119623941763263,0.130490911748913,0.0135148305760663,0.240612497634357,0.189431263353998,0.0414114428516364,-0.14527083148609,0.257556347854831,-0.443030215507679,-0.109597097331577,0.211636221602857,0.0686260468894897,-0.0128141937997447,0.145225388464904,0.00860153056359802,0.334288802863902,0.489942253233099,0.699011089160719,0.991283492218026,0.253220947467391,-0.0473110429211241,0.0169206752239073,0.150392261596767,-0.0179808213769044,-0.0179795843666664,0.16829350547744,0.0106259758664649,0.441238750208267,0.476760296775321,0.464168192572342,0.540220825801049,0.200456919277737,0.149120347668351,0.0536743206683618,0.0399450260522026,-0.0255311137542578,0.22381758959039,0.121292628994485,0.00167684247325168,0.605145933101602,0.641320071045758,0.592841567048524,0.615978964540701,0.199658578993952,-0.00317313359352791,0.0116340948981809,0.0162487556684648,-0.0479379232711673,0.0888485643560423,0.122227802358545,0.00182781166009993,0.23895533427309,0.312766604717865,0.472503365725172,0.546021162504273,0.232489211209738,-0.325764768587985,-0.0521332379002899,-0.0383745405478256,-0.0357742766541771,0.0373747991349519,0.119159131500826,-0.00320708730309152,0.343769294441486,0.325925017772107,0.441514149147989,0.57120685697703,0.226261163438801,-0.0234526910399404,0.197574996378792,-0.556364703796501,-0.209167472168178,0.0555521093995053,0.151221460538834,-0.0312414811189625,0.984693954746499,1.04421441735697,0.98522107525589,0.98689312784357,0.319689543660131,-0.225123232080344,-0.0399054516316309,-0.0394012670069888,-0.0799880913101612,0.167321459553929,0.171711007854906,-0.0089838241384653,0.444984795966391,0.554069793849532,0.805692603211505,0.957058649803186,0.44268548228388,-30414.4292303416
0.491341400176774,0.17417988409974,0.0472543015689852,-0.0183591606170853,0.128038912909635,0.0230786291131193,0.0159885781031169,0.174255555725184,-0.035329042018987,-0.290229877765317,-0.744717692781353,0.388298342439027,0.86290386858232,-0.0559088335172868,0.245625021369919,0.0565765254570384,0.130546835650455,0.131270531894668,0.0124745732776296,0.239924344798211,0.174124428990597,0.0863584199035251,-0.0464131162149228,0.256622060552198,-0.463381752529411,-0.106993029871925,0.39537285434855,0.10233264143757,-0.000202714834343566,0.128155221208224,0.00925224405287463,0.420114411435775,0.52545767666665,0.593652018738494,0.764877989141069,0.194453666204361,-0.0804668186676803,0.0111428386227358,0.137767949764948,-0.0657901500644627,-0.0238208647689296,0.115905110856204,0.0107257398487327,0.394904812412083,0.480826242945898,0.514171676203455,0.283737228005766,0.179750349357054,0.145541339686171,0.0499995972369901,0.0521886468513175,-0.0390332585673552,0.198340939963987,0.123724986275557,0.00165444616284818,0.430717247906817,0.516938755530172,0.581758414391993,0.624141438034202,0.173890758524544,-0.00351002535979182,0.01130976168599,-0.0119282143035578,-0.0539489130132845,0.0832878736054993,0.042575369473866,0.00217131898191388,0.393375786986832,0.439752628002275,0.228475612787731,0.242292433170054,0.234366829050015,-0.298353436558719,-0.0451775776865767,-0.0528073607772665,0.0109704085502564,0.0483249663362777,0.177071218582071,-0.00195638874354875,0.370919068606787,0.291719505013522,0.446746099781965,0.713423757072435,0.222616859702822,-0.020977693518197,0.204182147755174,-0.584535960686325,-0.236342257134163,-0.0218585878709742,0.186502898569722,-0.0333459759029692,0.691179663617014,0.745161940783461,0.835604108284169,1.17982967959878,0.210744095714331,-0.193962305153036,-0.0373570455647992,-0.0907475377658046,-0.0996199188663533,0.147140883780657,0.116793352505935,-0.00747362097673357,0.564166113175769,0.735180923788688,0.756622511939684,0.6351012643895,0.399881123313459,-30277.0262958357
0.478904380556717,0.172732244147102,0.0367556929710472,-0.0443614946870512,0.121699326405622,0.00925026540580863,0.0159881648694301,0.0736227715054081,-0.101388258129856,-0.298647974082827,-0.619437131925963,0.410613698994444,0.886379870967329,-0.0638723325878836,0.215385065553738,0.0419393169495266,0.123159611709885,0.0800345463196591,0.0119791999375986,0.267332831805231,0.214579706871961,0.0546093439526201,-0.118581074873993,0.266374543183173,-0.498826382116438,-0.113377136382217,0.250887774379021,0.0776823693024943,-0.00097784364396313,0.163110320163516,0.00954782704092007,0.397903486743119,0.457367902824853,0.501936214936354,0.747087150539338,0.140821835524562,-0.0936553526747794,0.0102875834214107,0.142340110086433,-0.0874144048010476,-0.0162678191724819,0.135239284458339,0.0110684597685388,0.383738606730181,0.461810819942828,0.503357425985216,0.342072389042507,0.182389910457581,0.153725525183397,0.049197848187108,0.0454558220146714,-0.0488771401193967,0.186936638262357,0.111418373267355,0.00194639405005948,0.486241972969488,0.516048408663897,0.534345017874337,0.574316115997989,0.163777494610757,-0.00403811075178925,0.0111154475207588,-0.0514184025554447,-0.0695857662975164,0.0849045151233215,0.0284174833990773,0.00243988177786218,0.430719494952936,0.435601816319292,0.329292381639762,0.107366744676914,0.225155990372468,-0.292500360740611,-0.043455041138931,-0.0594642208658382,0.0214565019027594,0.0509468428904215,0.173690676735368,-0.00155208365387,0.435312289488163,0.374951527404693,0.471275876234814,0.599235430160922,0.215266919004212,-0.00234729918298541,0.212745707947456,-0.588909383600649,-0.224140239281483,-0.0527581985675059,0.148760485562663,-0.0342368766337946,0.656121390861195,0.78782008944213,0.845007587575704,1.06188415415745,0.177799326433244,-0.175857681130341,-0.0356741403396775,-0.12582367531388,-0.12465451705644,0.146979377401264,0.196661980923533,-0.00668106096024499,0.510313112923603,0.575397945431551,0.682276951857619,0.830753129887467,0.379817474809099,-30250.0491201707
0.47514688764276,0.172802298149382,0.0438190923550079,-0.0482068598027716,0.118442629557009,-0.0064154437696929,0.0160220880843445,0.0640383028979511,-0.108266840265015,-0.310362530474747,-0.605715808919151,0.417231277926755,0.906349075919498,-0.0657665770645657,0.215095964174629,0.0412443351767588,0.123296018677064,0.093270072521615,0.0119069194855911,0.248886648254146,0.196236886758077,0.0685092630947975,-0.0582734303733187,0.275686981627662,-0.493357875624891,-0.108795934315993,0.270170058326757,0.0929668988933078,0.0183752212467345,0.191460633979318,0.0101534813777841,0.430971310864181,0.499927101015024,0.568284260474633,0.784263755548186,0.163330449728155,-0.105750231442103,0.00826821312453976,0.120192395157811,-0.10280891484102,-0.0173027836542885,0.13567825005748,0.0111286773020432,0.369367188088016,0.434381995539982,0.467206027050267,0.355097509382091,0.176187818327917,0.155855111985131,0.0480039098579503,0.0252439357368188,-0.0601726882659683,0.181220730936795,0.106932232639902,0.00204903624873667,0.495669525696152,0.511557673102381,0.511470535728848,0.558929643793121,0.157531680644335,-0.00441464755970009,0.0110000842136772,-0.0692302969914271,-0.0797062682195125,0.0864574895084748,0.0363105742010614,0.00257287634469837,0.413976567447817,0.412199236134264,0.364311692508579,0.102023587450736,0.22047513227927,-0.291117328155728,-0.0430404697130952,-0.0623412049845235,0.0183111574688036,0.0520378314989973,0.171265820178962,-0.00137166578427911,0.453456103709859,0.41417547986779,0.478858091804312,0.5527590563694,0.212322406227732,0.0193032010667424,0.219618223721799,-0.593523549684734,-0.221450951729741,-0.0589880318233244,0.140519868993864,-0.0343127911361297,0.677067213989988,0.827836481213224,0.864241876676026,1.029434010119,0.183017189367215,-0.190708513280709,-0.041071406917047,-0.188846048790996,-0.154257223119956,0.13132186700014,0.165749836861026,-0.00693072335611386,0.473323405117041,0.531945992948805,0.615665043526924,0.750594527861119,0.344679809833558,-30238.7318409973
0.472612663436713,0.173610758299982,0.0480307367421144,-0.0498991863331117,0.113818614990767,-0.029877617220246,0.0161957805457122,0.0753656591508344,-0.101860047838338,-0.321420350112013,-0.611486230634087,0.426571598040028,0.931092359688121,-0.0712007238353696,0.199876434019842,0.0311056333763656,0.114322689586029,0.101630348374307,0.0116775019255431,0.203779975483532,0.142034893552745,0.0676415114735598,-0.0157826641213953,0.273539538255335,-0.523193568970135,-0.112960915963651,0.246294667206724,0.0710974964081074,0.0121668701769301,0.145987175102419,0.0102476093186958,0.409931835079717,0.483227800203195,0.545356455045562,0.656726587708031,0.149938116896256,-0.119063628863144,0.00714015435398811,0.102416743240031,-0.112027532195208,-0.0143435063526246,0.135973563560782,0.0113922679768704,0.371350612250163,0.420980374363845,0.441464231067223,0.372619499563792,0.177777386808255,0.162549241541837,0.0472397297862839,0.001412451428352,-0.0734599319681264,0.176008968367118,0.108676856973573,0.00225608427938827,0.488117638753088,0.50184041315965,0.500525802750802,0.563566510061532,0.154330085958249,-0.0064352511898577,0.0105034049292041,-0.0927486812701398,-0.0965308246650241,0.0875870335311146,0.0507811247315403,0.00275720329721501,0.379710436331208,0.378745746607539,0.367842452732922,0.118017579908111,0.211367133853692,-0.29128929705183,-0.0430263343139512,-0.0698651272395887,0.00598367161240749,0.0529307957236725,0.17425275390908,-0.00112521492134354,0.448152764251855,0.439471577147029,0.476194258546108,0.520094130924155,0.206976989950324,0.0474970672404199,0.22791220249889,-0.63430659002852,-0.237567923736748,-0.0719484715639791,0.138686420521062,-0.0345585544440483,0.69046799003198,0.842201125850402,0.855458409660116,1.01290614837952,0.184507946563337,-0.178794030046663,-0.0378831081962259,-0.147565269896696,-0.140668502007294,0.135459008519578,0.154164402343927,-0.00658394657124682,0.502518632303701,0.599954487366256,0.674729980988808,0.709485037240976,0.353739944765751,-30227.055170647
0.464219593036861,0.172688691402522,0.0176188385901859,-0.0637611373790392,0.103369143696924,-0.046763271383383,0.0163920423672361,0.0726508262946927,-0.117782605047383,-0.313307747489462,-0.622668598785249,0.422330161818345,0.970991637938214,-0.0760238487541087,0.192017658905279,0.0266776020457597,0.105051873744567,0.084641101265307,0.0115049231172714,0.212306452210421,0.165543027925718,0.0560077852210278,-0.0552121403289374,0.275890281964483,-0.534878555256319,-0.111858196789833,0.272707819473899,0.0707450393331371,0.0193412586907915,0.153556548815837,0.0107137417644989,0.384431828757904,0.461702900526913,0.534232839609447,0.710507654927653,0.166352372296079,-0.133800004559352,0.00733150064871507,0.0994953905065132,-0.109148099280314,-0.0075892835906818,0.128817146870349,0.0118736555107469,0.38422375163605,0.431187478562439,0.449214684348099,0.367814503079589,0.187874622746559,0.174392522803066,0.0474032928487159,-0.0134127249001295,-0.0830170152455202,0.172032138543895,0.108251856096458,0.00252885457626374,0.466472577544416,0.493545557791964,0.511045543546493,0.569931989139051,0.157207913997521,-0.00784837009733083,0.0106087603878381,-0.0998940034287936,-0.10925878503796,0.0891262075097812,0.0630780938291483,0.00304733058967643,0.352836068717856,0.366117898292945,0.31481941736002,0.143074709208062,0.204671027080278,-0.293534665963437,-0.0433837578797515,-0.0775306678583967,-0.0141198403857149,0.0534756574529322,0.182765362980606,-0.000820551313884022,0.414435449722583,0.407278481272198,0.459528700485045,0.524304774217885,0.202542419654973,0.0736424603311544,0.234487775361825,-0.721468387122807,-0.288217626151066,-0.100359337905247,0.133115510047196,-0.0353504521791092,0.668321963766229,0.78837457401726,0.798889076439274,0.994767512320874,0.167614453669455,-0.174000089421053,-0.0371274089637463,-0.143388801951154,-0.14170149256175,0.135491246644119,0.144099724777943,-0.00639348917176239,0.481796546650029,0.594945999021073,0.674797845929699,0.682063764559653,0.357814766549088,-30218.0332541875
0.464506354264107,0.174329448161695,0.00856801344618189,-0.0698851003902105,0.100048968120875,-0.0416426465127519,0.0167878718555777,0.0731391360635837,-0.1016650071776,-0.282458094247098,-0.604792133587361,0.425580530470911,1.0152581331628,-0.0823755522516319,0.172351433879241,0.0119746539398824,0.0938970534230176,0.0696227847598813,0.011260418238724,0.213310556798999,0.169588020287916,0.0437206915442151,-0.0860058001891666,0.27124326594571,-0.552173191972971,-0.112936024980322,0.255539701407733,0.0574208497530332,0.0194119536203263,0.152732775992012,0.011128978194035,0.349969633812525,0.420804180227641,0.49523416195733,0.729230468268595,0.172695517673964,-0.156249943043062,0.00587221510538692,0.0827169813720358,-0.115604381955161,-0.00629329369810182,0.113141048257075,0.0123448183401824,0.369247532806793,0.424414349430403,0.450121431709994,0.34326986476159,0.190331863243491,0.182845131054831,0.0463898751358442,-0.027941021791169,-0.095527396782122,0.164005609032832,0.0956202404536577,0.00264967070015271,0.44730870350553,0.48140390894272,0.504792777028158,0.55229493362919,0.154835351437397,-0.0101101265652872,0.0106407132221576,-0.105614207982251,-0.118565479367598,0.0884188391635149,0.0581811425450439,0.0033683309014615,0.342695302447538,0.357858936118577,0.264402177217889,0.131489599972543,0.199926905347506,-0.294128651198803,-0.0430617748980713,-0.0813849980314401,-0.0288315978848849,0.0544990921003633,0.182638225689402,-0.000419720699828483,0.403358290722737,0.374364833515068,0.443440534456586,0.521698771938167,0.204663355956652,0.1249495006734,0.248084373547814,-0.73305160668542,-0.313602352302834,-0.111225926369583,0.147236896066184,-0.035671626838293,0.664092068847331,0.779982727432361,0.816522202903498,1.02271923979467,0.184025577632495,-0.172036184223779,-0.0380167491563755,-0.175728092042078,-0.158521440613477,0.131988493157718,0.139961371443916,-0.00621570120089131,0.432906426633847,0.532090232573263,0.624726591538093,0.682394347690677,0.358508098738578,-30209.0694774012
0.459754191128714,0.174289027252736,-0.0046711547824028,-0.0827175297950842,0.0930037543810871,-0.0408022917302954,0.0170455667148242,0.0725271560780736,-0.0920810714514839,-0.30928420830676,-0.611265515469693,0.418670805567743,1.07464923737509,-0.0858085803700733,0.170055148886372,0.00446476189119238,0.096371889768943,0.0759443939897045,0.0111020612732074,0.196689042695946,0.154374491327434,0.0754097500278664,-0.0544331643394229,0.276973027805375,-0.568443216806489,-0.112910762108667,0.230190140713896,0.0470286682718804,0.0202170503163567,0.1435473918824,0.0118104758870126,0.365147732773471,0.438855509292486,0.503597495425807,0.720326978798309,0.184070427112163,-0.178339533903399,0.00510086507214593,0.075287188983267,-0.122773166769295,-0.00513702092160579,0.107056708472346,0.0130047114469461,0.346907873520296,0.413150622962065,0.454066128797472,0.345714653644457,0.195742831845244,0.194233161466991,0.0459527453548661,-0.034279017329725,-0.105456624594619,0.157019533366313,0.0855376616782421,0.00278514284828453,0.437621253018041,0.474544134260064,0.491958228142534,0.545205801197962,0.15688369694834,-0.00993219240548814,0.0116567399460969,-0.108302230398336,-0.120044109941853,0.0878765254772255,0.0415155232197116,0.00383710878753065,0.341141416596451,0.348099019072552,0.275487983257459,0.0915008088923627,0.205509017641151,-0.294171053605159,-0.042213004434885,-0.0938998435654398,-0.0352082355250581,0.0539556844023992,0.166089356326581,8.34633196206984e-05,0.398775168522131,0.352305044113994,0.422742690622121,0.498113669973057,0.211042026014023,0.159402159454065,0.256573293231032,-0.74333230714962,-0.336856484352946,-0.125989668896474,0.13519011989272,-0.0363730196734367,0.636156574723227,0.765999129971564,0.810658511064676,0.995402630264545,0.182398916929093,-0.15811194391947,-0.0360401124359593,-0.187941200983655,-0.168283870437017,0.134097980602248,0.144274478689133,-0.00567585091628435,0.419716476968793,0.504636177660443,0.603704433963396,0.702267682314739,0.374405416605967,-30201.3191129901
0.460108677024378,0.175504438789662,-0.00709484392689143,-0.0906029778991039,0.0899043585009486,-0.0398256879634702,0.0173955099850555,0.0771240500485053,-0.0910707380590345,-0.312842277785202,-0.614142172096506,0.421441771521652,1.11758026865249,-0.0921105900672739,0.140504667156018,-0.0157287020198202,0.0890064251817747,0.0722825294009347,0.0106753038112388,0.169011796824021,0.125114993693417,0.0393448673700525,-0.0445418968640979,0.267181998503198,-0.585940198239437,-0.112021840103374,0.221941037277286,0.0420117771462049,0.021209545348497,0.134763211649182,0.0125777949773166,0.379425702245054,0.463073352880746,0.533938164732452,0.70965135830763,0.191779059713162,-0.200018730445389,0.0055283375315527,0.0838914699057673,-0.127109581972369,-0.00231732197840109,0.111067040739744,0.0138665309923807,0.340510679121288,0.410575164675496,0.45335956680414,0.372369961313223,0.20442650390814,0.214938881671532,0.0476268843492232,-0.0305500727382192,-0.108642983994352,0.15566454094498,0.0861391525466788,0.00311189617023812,0.43871632237238,0.48108583823218,0.496155456968374,0.564434281117911,0.170066114308544,-0.0087827926177614,0.0128844528529602,-0.117449192342309,-0.124682951445695,0.0871479489974318,0.0280732347289186,0.0044124835427762,0.32915494954731,0.334334067014905,0.306278050361111,0.0637884540473393,0.215527377876786,-0.294331411531305,-0.0411371792510415,-0.111403697446338,-0.0379637620512458,0.0527302575277226,0.153309346936676,0.000637873270031746,0.367773490907816,0.339958091057441,0.407275657234621,0.490016128883867,0.216871966701261,0.194441654492883,0.264624031444086,-0.761516881289925,-0.357872446899315,-0.141078013502517,0.122516191870546,-0.0371543570879826,0.6030884926288,0.750728382345524,0.793650037053665,0.970436746942147,0.177972336377425,-0.152113894124341,-0.036718703840714,-0.218978448579191,-0.19190840023954,0.128016969384223,0.135234854087554,-0.00534333160382953,0.396439302236803,0.488870421911446,0.577562619607912,0.679211018626363,0.371459822622621,-30194.4603008578
0.461988438868707,0.176974146127179,-0.0135793464357399,-0.101361635371525,0.0875175365649168,-0.0450869912029114,0.0178489754423881,0.0463330910693401,-0.138818895800855,-0.299754723031201,-0.605694384658577,0.429968430885523,1.14935778255601,-0.0936074894488838,0.146947561705963,-0.0144953652256394,0.0884563754768856,0.0611727677318614,0.0105258801883015,0.189244485817323,0.161324305469696,0.0264133578651065,-0.0574054703811203,0.274869965534441,-0.613349233634877,-0.111524950792501,0.23646518539574,0.0394424084535144,0.0170035975499111,0.13146340429869,0.0133791019365046,0.3561463993599,0.438620314980942,0.529758324745968,0.715864252471036,0.180558617086189,-0.230620343673182,0.00518530833354536,0.0875933925729074,-0.138904769843185,-0.00570420407549667,0.108251183523703,0.0148504929997026,0.35679160848489,0.407441718432584,0.42452124710015,0.369515880823237,0.203022482537142,0.229300581480713,0.0465940350877059,-0.0566430297381474,-0.126544303809382,0.148621663916414,0.0825862595037516,0.00324090860235998,0.427781738818389,0.457610731518785,0.483135712775824,0.565171708297736,0.165908152321555,-0.0107267238264825,0.013025564868274,-0.147577651665804,-0.147156104554925,0.0826443437911991,0.033338042215871,0.00506697380919461,0.290552105618916,0.307302814273309,0.291067046572648,0.0964826000144994,0.221432006848192,-0.295726845741027,-0.0400128829000549,-0.122620607480354,-0.042026444916487,0.0497309649481946,0.151655906074323,0.00126239841250132,0.329631178228416,0.345600513114656,0.400698001189425,0.498274499565295,0.217176575446998,0.248234169934226,0.275775217107039,-0.790798608141441,-0.368462987899022,-0.151743120973476,0.116074631773656,-0.0379868602279676,0.582089590314287,0.740905612771361,0.775531519496618,0.967859432161441,0.179928710965068,-0.139980537010212,-0.0354639393124064,-0.196039195582518,-0.196100804707708,0.123449241691966,0.124873504972694,-0.00494732496923049,0.412781405910543,0.525865907178964,0.61100556265095,0.6391120943415,0.366378806223208,-30186.1242416856
0.463703714662781,0.178763272037923,-0.0169747152697895,-0.107005682572507,0.0850665384338978,-0.0637398381905116,0.0182871716605553,0.0237174346198065,-0.122991832948104,-0.334361796196598,-0.615597179007757,0.436798536517057,1.18043602206082,-0.0958309650571322,0.131179961107877,-0.0264228317145628,0.0831399012075006,0.0524814680398382,0.0105080684592947,0.161600959447347,0.11424913362948,0.0611789001688786,-0.0590841262231064,0.282048619386814,-0.641141444681294,-0.110012696305987,0.252077223443898,0.0392862213845412,0.0144717026096198,0.132126301857146,0.0142757139625412,0.35071770020509,0.422351419537307,0.493754149134479,0.732204336169098,0.176894766930742,-0.263982331921813,0.00616742614600263,0.0903320463500356,-0.13345668328199,-0.00714260276550567,0.100469190143583,0.0158053025523068,0.340488745094909,0.402656105960969,0.445326234119147,0.348623289179498,0.201413686259585,0.243990091675714,0.0465365305184615,-0.0642414844409064,-0.135167574729948,0.143883349278257,0.0735476777784224,0.00339388503370548,0.419909888208906,0.459235783840814,0.483922922749696,0.544401786027303,0.164626486086877,-0.0165896045713161,0.0135398046305437,-0.113147258673917,-0.151708514894263,0.0765383077457325,0.0340284091907302,0.00552022214129112,0.296479200895226,0.321024975082182,0.22499710251448,0.108500461294254,0.213238936065121,-0.30038353184867,-0.0395656405519209,-0.104542379643905,-0.0600241577785073,0.0441081870529847,0.151775244523466,0.00180992712283574,0.372753070804675,0.326072908367631,0.407503424270829,0.475543590446686,0.2112540551574,0.30331589415428,0.284347745096274,-0.852329338998674,-0.396832672448557,-0.164372321622502,0.112084763836457,-0.0388377317489098,0.570073638101445,0.711759966365644,0.746862868054429,0.957144924762126,0.176484980712906,-0.129972766809205,-0.0348361808969679,-0.195248774633637,-0.192412773113239,0.117472476642479,0.128190323326373,-0.00464471379188306,0.38160561981431,0.478917974214706,0.590842878464967,0.656478102853624,0.35859023745481,-30179.6936276709
0.463249196163187,0.18013677949093,-0.0204918933145926,-0.112142433764495,0.0810839861463677,-0.0701259613796424,0.0186524689249048,0.027010860378008,-0.150762015874976,-0.330477002037134,-0.620965962103654,0.432174071800662,1.21630167638914,-0.0977761470370146,0.129980878604511,-0.0371188415499021,0.074260126651647,0.0430242282450391,0.010640484992199,0.139021399678414,0.12011411573326,0.0188168598907101,-0.0578475819625732,0.286836189664285,-0.670658218693209,-0.108197280076518,0.240360354207157,0.0330227473360054,0.0137346671351514,0.120279491221547,0.0152083234468678,0.336205377182479,0.438265585186246,0.512583796718939,0.709941124645272,0.187308620306989,-0.300515648409124,0.00801401950469645,0.0944692442755297,-0.126848645585437,-0.00661752410317842,0.0917686008033361,0.0167444352436544,0.314015024276412,0.391700042265897,0.432739434233068,0.353045969683815,0.203991937896567,0.261581744174407,0.0468481668377399,-0.0574315509154441,-0.139512113736532,0.138192368228319,0.0659565892153211,0.00357865846190212,0.388854214163275,0.440490801142724,0.47105132902686,0.544293869354245,0.164222994513284,-0.0231073009609382,0.0146625995163122,-0.117635018010129,-0.142176702503852,0.0731861794086093,0.0244218000713736,0.00594976454331408,0.286458893570141,0.292181809621117,0.289519838196579,0.0729549506053042,0.205891119682944,-0.307203897963518,-0.038855826584734,-0.0939990832214058,-0.0666156889362929,0.0389802862194012,0.155435045677442,0.00226784892425684,0.326868066519503,0.32498259296252,0.390139859633788,0.49022949621221,0.207363844252279,0.361379355970048,0.291746728156177,-0.86646878532384,-0.428992357108008,-0.175948856734265,0.11406598164294,-0.0397509269427574,0.544948056739764,0.67929150513631,0.739477441007398,0.949995879588386,0.174462922726057,-0.118685841478714,-0.0343725672302109,-0.218995380422876,-0.198858022160128,0.112008630821997,0.121197936394824,-0.00428163436088426,0.364314565531569,0.472816023551957,0.550142358293909,0.660874785198729,0.363771057724111,-30173.6833329089
0.463542268702688,0.181441498851902,-0.0222928206514007,-0.118161284732209,0.0752853233343171,-0.0671546357471777,0.0190546911266773,0.00853581613192614,-0.147620386387225,-0.331227885422381,-0.619483350769178,0.427750165235619,1.25155352928404,-0.0996309895928567,0.13611469210734,-0.0396364275092799,0.0648176657597963,0.0368446427815066,0.0107138191438785,0.12445284901571,0.0984714444754492,0.014750804069278,-0.0630581616064005,0.277807563816014,-0.70254621171613,-0.105549394218877,0.248645525743499,0.0326990664896217,0.0141140671365698,0.11463771863625,0.0160629304453455,0.319101338943369,0.386979198726167,0.500922067203763,0.715059149635539,0.196415716214671,-0.337507298619069,0.0105380702393393,0.103298960604136,-0.135739315414047,-0.00459803176777285,0.086451456727306,0.017721879232193,0.310825559668086,0.373109007842128,0.420743991842393,0.362494733851889,0.210403936834474,0.281479497488764,0.0475466942972338,-0.0556672744030305,-0.142104933529614,0.132908400515822,0.0599333682212748,0.00384815906014797,0.371370032462371,0.41633773241758,0.456871769814698,0.549414732913286,0.166539933208272,-0.0270508732169381,0.015917821298201,-0.142940967188089,-0.150841193804757,0.0709521898619682,0.0159784501780936,0.00654541336318689,0.271937147146435,0.32009628529561,0.246262223194961,0.080564927779623,0.214864742479124,-0.311334135322443,-0.03686693978909,-0.120471580085276,-0.0528350071152776,0.0353214450930862,0.134594804381501,0.0028110496994806,0.328853495268038,0.311613991295667,0.389598632643326,0.46700660333841,0.215009447440753,0.420889945908538,0.298671208398123,-0.854502430990754,-0.442365666263446,-0.188076855037765,0.10455196356195,-0.0408229249287093,0.51087884422936,0.670490280317978,0.732928624760898,0.924347921293549,0.170308440518541,-0.107498270744067,-0.033677836039372,-0.205653155461781,-0.214139753818625,0.107396657800001,0.106871688773467,-0.00395411403156039,0.342219391169674,0.454081305879445,0.586280843104482,0.640309903508285,0.371067326200266,-30168.2549034459
0.465565246833294,0.182953829826718,-0.0170170085289212,-0.121885316221993,0.0663824082162944,-0.0719984595867042,0.0195446096676597,-0.00992219850774036,-0.161585113196326,-0.346688390548847,-0.619387939730105,0.430305746002724,1.28468184718669,-0.101565125813368,0.127549243410028,-0.0394256854074047,0.0584892854319484,0.032499780017136,0.01070626811898,0.109209334913088,0.0892578238012056,0.0232566335698292,-0.0707149829794135,0.265652579108704,-0.735889745225559,-0.102291885314102,0.262779628620099,0.0351799628464609,0.0137325535737802,0.108645127776809,0.0168687676636026,0.307994225812281,0.425716000889103,0.471162267483295,0.709945164532596,0.191296710558857,-0.375561909360952,0.013829449737383,0.116101730813403,-0.141925755792267,-0.00495184655353278,0.0806925281768112,0.0186768935568016,0.307013744417378,0.38036639686524,0.424123123732726,0.345914839415565,0.211365783254963,0.300760518675568,0.0478407845161354,-0.0655184945474089,-0.149090624498964,0.126521870091407,0.051115829849533,0.00413277459583584,0.361343594272323,0.417660181712974,0.451603817204892,0.53331888671467,0.164985854377829,-0.0311445835892545,0.017635953786424,-0.102345418787415,-0.164389732694622,0.0672228887585681,0.00674802626224066,0.00712675818132033,0.257740578781407,0.230898270925837,0.245565079680187,0.0895957613352149,0.223989187122854,-0.315668319300048,-0.035099004273953,-0.112219002699775,-0.0634508861312418,0.0325705055449123,0.129193733804359,0.0033886936169502,0.281576597380188,0.278254162198308,0.374445981780284,0.496325086398387,0.220641182276358,0.482428615903634,0.304188140188836,-0.882251097113098,-0.441329253511321,-0.200098455271739,0.092358929624212,-0.0418371433274194,0.479434888415027,0.655749375107805,0.699365934699322,0.914508207457998,0.166291158309018,-0.0969060068966708,-0.0328515668073954,-0.201237597189285,-0.21620214105343,0.102278349015773,0.100798310927134,-0.00368470658891761,0.338913699335227,0.451864345333063,0.537969554183283,0.643088617080547,0.369252269653035,-30163.8731108677
0.467640227560381,0.184809641415954,-0.00856710734791841,-0.121170650474161,0.0584533540576049,-0.0854197304815897,0.0200158722653307,-0.0244576547805622,-0.188429883119243,-0.352939863423641,-0.636414074800752,0.430617013484877,1.31690164860054,-0.103711999921494,0.129254857613319,-0.0465880483124487,0.0531849217405514,0.0264532680552149,0.0106702507741022,0.0978513341474581,0.0810845512024768,0.00533377332351823,-0.0680245272910357,0.263388669689257,-0.768788396330268,-0.0988928113549547,0.264928191223115,0.0305139230772679,0.00984885736136078,0.106196818046012,0.0177842497301311,0.306317401761603,0.381509660334122,0.510782924609026,0.711351648100951,0.180206194965955,-0.415250988830588,0.0177946140540695,0.121062390914062,-0.131399069117062,-0.0106069430105412,0.0802153368961615,0.0196164291265791,0.287237315918894,0.363281914080366,0.410121006311104,0.350160590091547,0.205315920784077,0.317263957385088,0.0478277285663168,-0.0627884893457885,-0.154963650804675,0.11823748637531,0.047088828692968,0.00432042119801525,0.34160373761391,0.393102404124635,0.443022547066264,0.531165980185224,0.159011452421825,-0.0348704593915911,0.019757655526904,-0.110058384602168,-0.162242584802323,0.0615912927751916,-0.00579327131064365,0.00773644937109156,0.201515301625472,0.28299143708774,0.227187450214888,0.0682663970234636,0.219776710166209,-0.320145634472942,-0.0333322397179657,-0.0817674249226788,-0.0806633210852211,0.0276506948973573,0.119745459424027,0.00398099321596883,0.281685427617967,0.284621209174703,0.35293927573088,0.475967412906582,0.217493012123821,0.546478464506872,0.307278895885906,-0.921947074141072,-0.454730050339317,-0.210942539823501,0.0861854675712162,-0.0426756133866522,0.456024937498727,0.610606097352272,0.679088389200304,0.920144982437709,0.163889553696184,-0.0859833601544055,-0.0319881060770352,-0.212455007273865,-0.210201827990496,0.0960030121658019,0.0993540364901602,-0.00340007966112717,0.304898805037909,0.426659896672852,0.538744932257444,0.6441882399371,0.358097458290883,-30159.5580304743
0.469324538250921,0.186728941024137,-0.0102402450272163,-0.124159358916461,0.0546624489731991,-0.0925078550510071,0.0204583691962111,-0.0512455457644628,-0.190631586379498,-0.366382977520237,-0.631110406032528,0.424106991132184,1.34976645943438,-0.105577480040966,0.136428410471249,-0.0539384014341441,0.0460970880974285,0.0142209396977306,0.010713318131369,0.0713831287319724,0.0649781015837955,-0.0119215872645546,-0.0697454975722702,0.272440213950172,-0.800179711726843,-0.0948206329869608,0.270688839757907,0.0318663942204767,0.00179803622788606,0.0994885543998864,0.0187531583550675,0.291955321582835,0.393969095180301,0.469697449168451,0.716472130365522,0.179968332366185,-0.452673954012213,0.0223915780080509,0.125636176770145,-0.125748907855687,-0.017760138434258,0.0740580640869507,0.0206333688770212,0.270704585770707,0.345718058864792,0.404277696793194,0.347988679540755,0.20112178808946,0.333455627110038,0.0482812878816439,-0.0511204227795257,-0.154586091947263,0.110288176731103,0.0415036827217683,0.00448551082029288,0.316745022742158,0.384123971334676,0.428024162726868,0.531899616162959,0.153271470947043,-0.0409227030095933,0.0215862697808026,-0.12783690024326,-0.147520024776913,0.0526280822467035,0.00388815986795471,0.00823505495602263,0.230039318127069,0.236657241660758,0.220445241076448,0.0714640550691085,0.195617744291184,-0.325527613798246,-0.0311280631837522,-0.0985950451466393,-0.0663773795506129,0.0205172313727265,0.120552015932355,0.00449355655992277,0.278311752967578,0.260690472390736,0.374641490685644,0.455368526261048,0.200937122485882,0.611040404415514,0.308849364837932,-0.924718553689469,-0.479663808615661,-0.220294728666544,0.0816842794541037,-0.0434683732702239,0.433087939470807,0.603471049880898,0.68469924833254,0.903028140590365,0.158778208231673,-0.073870351787576,-0.0311866211018999,-0.200645113892357,-0.218550144884623,0.0881917279292968,0.0926797393997826,-0.00303893998002615,0.299003555981764,0.415690048956567,0.549243097309733,0.625342912844392,0.350368089841727,-30155.6902054358
0.46974935664621,0.188434728677095,-0.0138947839379119,-0.127289583764879,0.0516469285317122,-0.0948457301100971,0.0208274929455934,-0.0555660458948657,-0.207824467567051,-0.377615531394672,-0.624220923855429,0.413645985452114,1.38291037352736,-0.107024311350009,0.128109247274933,-0.0481385262044931,0.034858589455018,0.00559002985152614,0.0108406417255923,0.0438723176654909,0.0321554609157012,-0.0139991492929716,-0.0745221328148805,0.269841738581638,-0.832778164253668,-0.0903588881149551,0.286315727588944,0.0418392841726905,-0.00657647006929366,0.0919867584678005,0.0196605836263979,0.253114570711513,0.353747406110446,0.487228583518159,0.710809527791457,0.18396405448168,-0.489145551956713,0.0273278902942969,0.137818959215969,-0.136828481372678,-0.0217834782275525,0.0644553889285115,0.021679808945101,0.261686962318381,0.342326613070667,0.394003282907975,0.345842074774515,0.198900145399792,0.35134020381902,0.0489782117497389,-0.0608877767262279,-0.153877280951027,0.102945482351364,0.0331333822198028,0.00476307097695232,0.309805772302283,0.364846142832238,0.421405870937815,0.526253008375186,0.148744854908992,-0.0464437706722166,0.0234129079270388,-0.0881152178483036,-0.167471981389253,0.0462860646667524,0.00421254000182869,0.00876212433280766,0.199510301340293,0.258335109826534,0.219206211749181,0.0538663818212566,0.189756912223383,-0.331422712386303,-0.0290511151949062,-0.100379898973937,-0.057559147690651,0.0110582223158037,0.128706591422115,0.00498911894438939,0.246046079624737,0.281225492675165,0.316401658395732,0.468153672286257,0.190411479741955,0.676314243160419,0.310296105236806,-0.910881135155966,-0.492346946988679,-0.230795565170828,0.0790070132220258,-0.0443236147398551,0.41831008692162,0.597095392037363,0.664919948746991,0.888500049875298,0.146143785378994,-0.0608261513798798,-0.0301099015395549,-0.195123329157207,-0.220860425969624,0.0788451424869487,0.08700218942854,-0.002636960578797,0.271138073114662,0.409168571764461,0.509511575510953,0.629031541873807,0.352181423259841,-30152.9078869483
0.471069643971599,0.190125772768555,-0.00798506687061331,-0.127357600501112,0.0439697908936624,-0.0991271751694253,0.021234234287514,-0.0761143377975574,-0.223629737026292,-0.377570464502259,-0.642017789548946,0.408947298230516,1.41457794454714,-0.108319561530075,0.133727593290033,-0.0495009438068957,0.022801018281635,0.00597045333543276,0.0110049564442532,0.0301795979341389,0.0312150275931926,-0.0314963477641815,-0.0779992707823273,0.249126270267728,-0.86569172591364,-0.0859736951132378,0.286795625358943,0.0347285188433633,-0.0103423035594157,0.0906835300164736,0.0205559156944595,0.263870913856014,0.365142054930792,0.438343150310151,0.708371825571359,0.18147077739438,-0.528691164568387,0.0324855157843836,0.144582347646579,-0.13552461060688,-0.023966738879383,0.0620051561074658,0.0225927457017895,0.239460989098457,0.327871850250966,0.385343378005025,0.350979831082446,0.192151822193044,0.369044888085982,0.0497072703296992,-0.0616836178787705,-0.159269651283557,0.0954129033401478,0.0294287716838391,0.00506895573945997,0.278536383250224,0.354654983593684,0.408387025868336,0.525679555044575,0.141209809171687,-0.0514832612507525,0.0257216299377321,-0.105733452289348,-0.167718223187536,0.039475921811904,-0.0126468662505165,0.00931144847810518,0.189523952878571,0.234641249032509,0.205272198790156,0.0620736049782233,0.203156742104179,-0.335037315624911,-0.0270805496059424,-0.0789697036380147,-0.0758781705994019,0.00226620364320465,0.115834666240775,0.00562994244645494,0.241844520898237,0.219679781451844,0.365240390752598,0.449534977752442,0.194833769316387,0.742969995292607,0.311492533316786,-0.931306941821064,-0.489512018890114,-0.243052338712367,0.0763349796313226,-0.0451631003190523,0.386499447942202,0.565790373979549,0.632045094672727,0.890063196666907,0.131445502999431,-0.0482873582716447,-0.028885815345487,-0.204875862251347,-0.215430305941039,0.0696478336601434,0.0794017403367358,-0.00227492539440333,0.252166867273452,0.376253110654614,0.497303159761755,0.627892223171775,0.348390515060803,-30149.8551374653
0.475086395549354,0.191548686426263,-0.00585036138599558,-0.130119212666165,0.0314311483330536,-0.0993238068237823,0.0217378619148158,-0.0947325261675722,-0.23065992894996,-0.409777648879364,-0.639752897437545,0.408282253273526,1.43996710179454,-0.109430259981624,0.138030838310271,-0.0601287149362811,0.0153761996004987,0.00414508062440804,0.0111200601046977,0.0243412765449961,0.0287228211187423,-0.0332332855236512,-0.0874601053779109,0.233018115417932,-0.895325585861351,-0.0820756709406395,0.283936606007655,0.0288586678254149,-0.00930629130522831,0.0907261766044818,0.0212783699739763,0.23676999553509,0.345843394787521,0.482428598629299,0.699703129014222,0.165286007879478,-0.563759288239828,0.0368343442356389,0.141016607982719,-0.123207621039689,-0.0279003658369063,0.0601944855154579,0.0233434772551567,0.238249915556714,0.314297662513565,0.383185984034759,0.332362606767278,0.187608821859091,0.383438488033923,0.0503116388054053,-0.0510169778384554,-0.163182737986164,0.0869914943451661,0.0248013399076878,0.00530792269692507,0.265403770584081,0.334052247855194,0.395749106825814,0.515384760214617,0.133772089896836,-0.057209829078274,0.0281759243840151,-0.109736900556429,-0.148153269495418,0.0329820220144297,-0.0231323109054081,0.00968781852264339,0.168495592005559,0.191669661526044,0.192238680915959,0.0822450651688715,0.19664513018353,-0.338035769793908,-0.0246783166770857,-0.0885389564993897,-0.0756211781228074,-0.00248727257198082,0.102238476213648,0.00613876749857253,0.218635369570449,0.250226617446701,0.295639264970874,0.468701073465405,0.198540214712367,0.800899335727396,0.312325172862942,-0.960423541950858,-0.493045595423174,-0.2536283632406,0.066640094024802,-0.0457898356959173,0.353253895132753,0.537512481804561,0.632408236993336,0.87522986082473,0.128551867599337,-0.0385405386642921,-0.028067403970925,-0.194756724599039,-0.228147760578733,0.0643942708991197,0.0751470581099266,-0.00202058079516161,0.231038116798677,0.36536329315051,0.520223137302874,0.615878340214316,0.336182103137041,-30148.2138042832
0.480525136426197,0.193655769611566,0.00093788272922008,-0.128311137393884,0.0154433900377001,-0.104979696208491,0.0223021312749244,-0.111307547623045,-0.246293377928466,-0.394958634089122,-0.66344759839015,0.395308009541981,1.46390496093274,-0.109670884080954,0.131785758666521,-0.0618630752724484,0.00989482393095828,-0.00495824150432109,0.0111815495467946,0.00613465903166352,0.00407795229635897,-0.0455494146548737,-0.0817156546646303,0.233804156615951,-0.927629335918703,-0.0769887807366653,0.299803780947337,0.040510132075501,-0.0144701976721928,0.0835249486712217,0.022096780401478,0.249889099231738,0.336169190246155,0.432077748995876,0.704184964165352,0.149361408023084,-0.600735846508975,0.0412994662948158,0.147287892550855,-0.125608903354065,-0.0366674815400325,0.0683012854610527,0.0242982950744622,0.223128986669926,0.305385113725947,0.362606462666383,0.331013132469672,0.183110810528097,0.398943794476004,0.0512217883767582,-0.0464353822083405,-0.160862140858262,0.0752711500441285,0.0225037351800551,0.00559638636354371,0.249577670564099,0.314941021157511,0.381231784446305,0.504722143076621,0.125848818005838,-0.0556982324222974,0.0310047006883706,-0.0960833348732504,-0.164032221631627,0.0260996704624881,-0.0194870215304828,0.0104870265184272,0.140560276444783,0.201818569552485,0.177070791093043,0.0520283337887263,0.167643078740192,-0.342391318254621,-0.0213239074124802,-0.103459161660754,-0.0582789593117028,-0.00607596240706388,0.0925311417360341,0.00656883067414755,0.185443690797845,0.192380953748798,0.322838138858933,0.474295978756762,0.179582702409575,0.864430941034203,0.312600804045379,-0.963364184117607,-0.510038742440514,-0.264200806827795,0.0576219907194138,-0.0463881670717526,0.325117669252379,0.513303961346716,0.623952902552979,0.862642669086524,0.131380698178024,-0.0282765814329332,-0.0270275600668986,-0.194801884643365,-0.232180296704029,0.0576918077741823,0.0779316498646509,-0.00179299876200797,0.241528646316907,0.380600715587204,0.465138246884431,0.620409213853071,0.31855578197215,-30146.4846516798
0.484393583663993,0.196415194303659,0.00592401433409939,-0.125546588047277,0.00887043437436119,-0.10671543455339,0.0227277349585208,-0.116464184653962,-0.256690759061504,-0.413862516523557,-0.637414399402361,0.377758481709784,1.48615833821896,-0.108879196903617,0.135519653799596,-0.0526864853533913,0.000346577327546421,-0.0109240575775161,0.0113480358855724,-0.0202420411310852,-0.0104947806826505,-0.05968011613327,-0.0881885764758421,0.23192540227393,-0.953132688959469,-0.0714417322532866,0.294672708550903,0.0404959759807248,-0.0264574826282423,0.0804341332825876,0.0231645823107598,0.201223421116141,0.337351003258461,0.441878928037636,0.699322104009322,0.153093351506751,-0.632190757172074,0.046918112957418,0.177315599037731,-0.129131819596932,-0.0462397742255745,0.0598665918009146,0.0253966051064209,0.208314196001226,0.300577799789011,0.365371349360915,0.322748412634789,0.172725516861483,0.415432536992814,0.0529632460239348,-0.0529098192455407,-0.159469774742118,0.0646797409816558,0.0222831127574121,0.00598770592292902,0.226552469887116,0.318231061299665,0.374876704257286,0.505049983855686,0.114862923201273,-0.0538641008094521,0.0339359808079977,-0.0852818481566648,-0.171235964618585,0.0138444628718498,-0.0103867241448807,0.0112672858252063,0.142218430784427,0.176020055448216,0.173669927515625,0.0118438166396254,0.156073261453935,-0.342957635555567,-0.0186965869524359,-0.0492485539458378,-0.0804815178270551,-0.0157341304014761,0.0980433233660966,0.00723418003323408,0.197981055234606,0.201470487251156,0.31495486273001,0.442130401188033,0.159464502773438,0.925898034070356,0.313307851129267,-0.953147726064475,-0.515425888992044,-0.274508963685245,0.0561903090214954,-0.0469937601047467,0.302529030310622,0.504450015492061,0.584653926396116,0.867045441031648,0.115659055669897,-0.0145099065468582,-0.0246722602772808,-0.203848659733664,-0.210637077962325,0.0453944717243128,0.0706724871487664,-0.00138030414791681,0.197867401423872,0.322089236907323,0.514502482669605,0.59751438812085,0.311313627942736,-30145.256105621
0.486114183835108,0.199229671207773,0.00736861828705521,-0.131960913573673,0.00932251677434521,-0.118144607542678,0.0230771974879057,-0.144808965367274,-0.274169751240785,-0.408489547730584,-0.648808084665834,0.367960769047596,1.5064928353615,-0.10808162666363,0.145965613812144,-0.0556902559287113,-0.0170978462986988,-0.00617374687224531,0.0117863537818615,-0.0349883191607586,-0.0244699441555289,-0.0650022883651497,-0.104560052688538,0.21179438045628,-0.977126911288013,-0.0669509256843973,0.328683796937626,0.0326582059280736,-0.0487262243936177,0.084189579073053,0.0240856123659138,0.224656189935793,0.306103456468012,0.443778472077617,0.687465494717534,0.146764179439354,-0.659150149067691,0.0528120487849422,0.175120557905261,-0.124508147557637,-0.0564935041413973,0.0481895792797353,0.0264483384028148,0.194554370393597,0.281985037553746,0.362124630906125,0.337989511858874,0.151282197493775,0.428093029108568,0.0550624562331954,-0.0508568068183385,-0.164769684519157,0.0547932385600648,0.0173349799129599,0.00636252510828231,0.224915649145286,0.299846539677457,0.383434093907293,0.498758462595044,0.0960660370684074,-0.0607676649100225,0.0371469862908196,-0.0882645802042784,-0.144036860773805,0.0016757254908863,-0.0170061095993754,0.0115545101549992,0.102078589010545,0.158789049556527,0.140194778525719,0.0197772913882834,0.165288751058571,-0.34285044494829,-0.0162048008875496,-0.080673312187449,-0.0787020132638315,-0.0340199430970146,0.11978804130365,0.00792782964388358,0.18820071203931,0.208668662432791,0.301234612561159,0.405841235706687,0.146816719461782,0.978607358385652,0.314303610313526,-0.957911596027252,-0.511363632382859,-0.286887905184684,0.0563452465304546,-0.0475085039859777,0.294813498349784,0.493193048465796,0.579765112376681,0.843849496719041,0.0839576980760255,-0.00033847173694487,-0.0227771316237269,-0.170336138491741,-0.22936283126049,0.0281308224439886,0.0664447920910395,-0.000794215515402037,0.185392104493993,0.338749672419935,0.437564450380266,0.599531673650972,0.313962864626633,-30144.3698184964
0.485922387589145,0.199723586332181,0.00592731628922027,-0.133651312535349,0.00350302770204429,-0.114430211397944,0.0232473692157256,-0.148404419760988,-0.283865424667856,-0.438765359566275,-0.673234276305478,0.371337514708714,1.51417471587486,-0.10788926348341,0.144515020953834,-0.0628464531367019,-0.0253026981503671,-0.00911001770165326,0.0120316911990841,-0.0442514840329384,-0.0274075721873523,-0.0676929030859798,-0.110345204972688,0.197744935951653,-0.988615014177446,-0.0650438332901402,0.314394398375069,0.0481852118418085,-0.0496588072255777,0.0835147308540943,0.0242760442435389,0.184740792025634,0.325319647103581,0.428291926231895,0.69235936105516,0.129041136466649,-0.67271860856,0.0544050849700155,0.163557714399741,-0.12133390049463,-0.0588273433647843,0.0522913376532482,0.0266582242657197,0.18355807316918,0.27557562114935,0.351290839400422,0.332842131852097,0.145628737867512,0.429712289107987,0.0555856074921971,-0.0395525195461359,-0.16630943130382,0.0496812885835261,0.0118425386198334,0.00641427712911679,0.206808385267606,0.285697111188262,0.355836048479464,0.497165431922736,0.092561494156134,-0.0648151374717396,0.0373233911604665,-0.0894970623339611,-0.17136682639323,0.00262734104641163,-0.0253004170589558,0.0116742619211337,0.107684967164915,0.167456741560782,0.167250717848322,0.0369262339413503,0.157899175701015,-0.346041933497303,-0.0146604727189639,-0.0676241173483195,-0.0583518212615861,-0.0432631265376815,0.107604082111747,0.00799148326870905,0.152911947753632,0.161608547195369,0.287813463587187,0.422370303461568,0.153618821327937,0.994588775954356,0.314659504410219,-0.979652912761473,-0.517185353481435,-0.294088312510427,0.0618453867255968,-0.0476739008147092,0.286843742702367,0.476027759069482,0.590726327773853,0.830113397213475,0.0742190327027931,0.0039574570995973,-0.0217278804198121,-0.201283845007358,-0.227884179690569,0.0250283390293442,0.0667865827966144,-0.000589704049918597,0.170567365627857,0.311771127957984,0.475064739344736,0.588821378989464,0.296729207084524,-30143.7803011732
0.48812806132829,0.200932913723184,0.00297166972027328,-0.128492140773354,-0.00756966779013462,-0.104433768339542,0.0235806674926994,-0.164501196003492,-0.292218310021144,-0.437725451371694,-0.688093971713682,0.3654813412362,1.51967789937965,-0.106767397056531,0.140220404014225,-0.0602140731221098,-0.0286830807697642,-0.0148374931829507,0.0121749972053466,-0.0522290384100014,-0.036659822343129,-0.0790831857177331,-0.102059160585781,0.197090311201085,-0.99656898550547,-0.0625464675108956,0.297920202096476,0.0316845714955582,-0.0403362413370949,0.0775468037277905,0.0246292648032103,0.214254599661209,0.29329664731417,0.431219714029273,0.681163696866381,0.127043347311308,-0.686066629574523,0.0565919424773576,0.179940860110978,-0.128905835590939,-0.0598381693621952,0.0602882200503515,0.0268950275966149,0.1800047094705,0.276502687636196,0.343831222630366,0.300030883352951,0.152264349729829,0.43473253153222,0.0569437380934265,-0.0501911445995844,-0.16420640233491,0.0449236687810301,0.014623376652715,0.00666823530806353,0.184909820088667,0.276954364954929,0.356355368939438,0.485005640013066,0.0936094058028852,-0.0676628875550323,0.0390274782394203,-0.0775937700797678,-0.167817942594652,-0.00286675408543649,-0.0243148146114278,0.0118129234879282,0.132670822111168,0.171014250154083,0.169580973263642,0.0598049002391547,0.130742329536465,-0.344702613282805,-0.0130306452505024,-0.0754955377602795,-0.0756013972482147,-0.0423916930484188,0.0862768735141095,0.00835992438748731,0.148223968664777,0.191347268868652,0.285921570414875,0.43254058448541,0.153955236175026,1.01149828340955,0.316531185051618,-0.970511191847034,-0.526306751517303,-0.301615569074225,0.0611982350021755,-0.0478140386281892,0.262808732060518,0.471370756056818,0.573886714359507,0.835952996504429,0.0805262036763775,0.00486064241525446,-0.0205449712193136,-0.170789295216579,-0.222031082964138,0.0208127324607355,0.0691428575574704,-0.000545716971257098,0.171776412742628,0.31552137486368,0.45166202225489,0.588928429060858,0.274952088153222,-30143.5774409197
0.489599033588169,0.203036487024374,0.0148522894489349,-0.131184020222284,-0.0161412180298213,-0.107526971625039,0.0239215524931808,-0.162619610659412,-0.287924909630476,-0.439937109914816,-0.672690146285407,0.350259056921092,1.52112867300343,-0.105327973577222,0.143564045193493,-0.0598372148916424,-0.0294815881610985,-0.0117036590880994,0.0122219237198844,-0.0572536460246104,-0.0448517969202604,-0.0779264005599702,-0.110587583359232,0.196559578305651,-1.00753824099649,-0.0599981092997917,0.331875624951004,0.0340446718114656,-0.0413011773137878,0.080852914502527,0.024938352798379,0.155003537273192,0.294514779219166,0.401792285309451,0.675036526015869,0.126511483892421,-0.696199134638647,0.0597578072938675,0.168272962103009,-0.124468231530875,-0.0624660840643252,0.0627196297701655,0.0272871256793443,0.176760332524548,0.258326833666552,0.332445087443102,0.29588779558888,0.153167129272605,0.439137554617569,0.058720682065922,-0.0479203953557269,-0.166221616579663,0.039652076787336,0.0193749517430822,0.00693224607229278,0.191532185738787,0.272671749985422,0.345755587418547,0.472951031800304,0.0868090700712203,-0.0639710441439015,0.041607754798282,-0.106373262740055,-0.151753174641906,-0.0184541804602023,-0.0253710367756392,0.0123265294607137,0.103173017600014,0.172622292270505,0.164386859350424,0.036677011632815,0.138857948255535,-0.347886021572093,-0.0113783058552669,-0.0636061421176462,-0.0843791452215983,-0.041036775340064,0.0969638376005559,0.00849379820636223,0.16316612244024,0.162301704050811,0.293063829035126,0.462632224127034,0.129680017451754,1.02766212169154,0.319508936358442,-0.969524725314496,-0.527540702276549,-0.307028535337808,0.0503951962599655,-0.0478296388666635,0.25704877424063,0.468683487122882,0.56137056329966,0.831028235375619,0.0857898138998278,0.00763817937730885,-0.0187011172506748,-0.20182962762283,-0.23148929576263,0.0196006101988043,0.0678268808659853,-0.000320927524484525,0.162146596848302,0.318136017275041,0.449674840932425,0.584834841467432,0.290757914237334,-30143.3468608857
0.487912276145603,0.205131121951639,0.00980575210168355,-0.133754738980631,-0.0191805545097859,-0.116030977796578,0.0241064416307203,-0.162767228372827,-0.288683429916497,-0.429559542040547,-0.657029224407142,0.345529731704521,1.52264366202151,-0.103944373945678,0.140500085748197,-0.0633511502477452,-0.0317274323400236,-0.00477037430752039,0.0123559942881807,-0.0600365835735973,-0.0332138105645451,-0.0909705035874598,-0.11959942438932,0.191160137059348,-1.01387077196127,-0.0581268732964553,0.302574313715395,0.0471054137945817,-0.0542432620569209,0.0861948259912318,0.0252847468312828,0.18944226301535,0.29310580223469,0.40402799525275,0.66051101054609,0.126398573715603,-0.702561860056119,0.0626640295098918,0.178423934277388,-0.118095530242614,-0.0697033329993397,0.0538044552843097,0.0276933801476992,0.161086027151744,0.262541158947956,0.332665776537003,0.312908668073053,0.138207162604073,0.439699591163953,0.0604583196892403,-0.0400049126595098,-0.166530924941858,0.035211939950395,0.0192949726912366,0.00706862391069368,0.186262933437552,0.276794203269893,0.341681873181915,0.479211980651093,0.0776081384121736,-0.0632305046887486,0.0434506954010671,-0.0507081198410317,-0.164652715190115,-0.0222207615165097,-0.0199922769830312,0.0126954033841059,0.0759933940698957,0.13435894173158,0.121331211848728,0.008911197324516,0.148093963373627,-0.351278202663065,-0.00919182489436428,-0.0788172106207598,-0.0644590400488837,-0.0465412444528627,0.101102481836283,0.00857614200883955,0.152870505980835,0.187103132616939,0.286255645882882,0.414183929838326,0.132270788101236,1.03689818315439,0.321502001908635,-0.989926952669348,-0.528734633170178,-0.309194860751842,0.0522499223755187,-0.0477762481509065,0.248559060968102,0.447915817460467,0.558307247382613,0.836702139643267,0.0782701846880218,0.00615508393729195,-0.0172600186714671,-0.188173548769991,-0.232361755921341,0.0162665979129132,0.0660354622838939,-0.000266614076153434,0.158984266343801,0.288113225480814,0.454152794274633,0.579615222200166,0.298149329036978,-30143.2747034481
0.484987639387949,0.205522182463497,0.00889781756163282,-0.130542320971315,-0.0184210616507388,-0.114872958428994,0.0240403156139146,-0.166666571797712,-0.285136091858416,-0.440356500125642,-0.668379493414956,0.351094133673568,1.52424018179563,-0.103545486121324,0.144831218668345,-0.063223747953794,-0.0354538895622735,-0.0090464492899591,0.0124472344254838,-0.0607087361616895,-0.0454753908739398,-0.0893938814513467,-0.120776461080036,0.18879587842342,-1.0152924797703,-0.0576743004627689,0.318274716076821,0.0377034608746091,-0.0578945626447576,0.0867168311526961,0.0254006398325287,0.183847101836338,0.293921737335359,0.417648574061007,0.670163249789439,0.119559984633108,-0.704736053869837,0.0628581874971217,0.179703807233153,-0.127294260449435,-0.072413052536833,0.055094676818179,0.0278037555011409,0.169624171717056,0.268334339096237,0.337367722391788,0.314407712097166,0.134050899360993,0.438695936977893,0.0607376365522796,-0.0422107290265578,-0.166112539234693,0.033815303613875,0.0149559905089446,0.00707100460630947,0.180227319300093,0.27054886940876,0.347056855751312,0.480704939614158,0.0794166560965672,-0.0645081680191948,0.0439223122433834,-0.0922849996844244,-0.165901844769251,-0.0147059474473966,-0.0193084338405308,0.0127208640440213,0.0830353107774177,0.13312934185708,0.134940112148942,0.00277762863763313,0.136829992032797,-0.350884987764302,-0.00906243900369155,-0.0690491089395403,-0.0698820245159143,-0.0515127429731597,0.102392708774744,0.00873967326067305,0.142150034643003,0.167340918246339,0.272593650190534,0.414464244176887,0.142349183979294,1.03749638428387,0.321529303192455,-0.981244432018539,-0.527367193038734,-0.310738820061831,0.0551347739447346,-0.047840851475531,0.246366286230287,0.453185402328919,0.560065769045982,0.825501821871316,0.0691520358101263,0.00624756752989733,-0.0167547503934846,-0.180547146801288,-0.225148840764506,0.0130580210043774,0.0680412355736647,-0.000219481608041239,0.150157936001224,0.313061164789129,0.439885533726446,0.581363700563382,0.283786997063241,-30142.7870558468
0.484808968941593,0.205579069170735,0.00961081247945255,-0.133243658665895,-0.0183590550420294,-0.112257143072447,0.0240638975496806,-0.167225841002105,-0.293871808574583,-0.439688007478795,-0.673297923427387,0.352672756691506,1.52495098953562,-0.103372459068429,0.142503593309216,-0.0618704614400193,-0.0367407323943945,-0.0106930855548495,0.0124842641523746,-0.0666314987161886,-0.0451494547813464,-0.0885068792675685,-0.118472437649647,0.188680479066223,-1.01659601008056,-0.0573405243676737,0.322163728934351,0.0385779420071618,-0.0576357004609503,0.0832781576759869,0.0253911534307294,0.179562201235187,0.301557006825933,0.413271216343408,0.672142255187379,0.117798402767934,-0.706627763508274,0.0629351467336837,0.178526833413604,-0.124570406903646,-0.0727838807796986,0.05626343577796,0.0277827315114547,0.170225878182774,0.264621609707169,0.337707983759526,0.311066325293694,0.135736051306276,0.438784914428142,0.06084123129399,-0.0458391924307855,-0.166902545668952,0.0335387773046098,0.0149453173686184,0.0070937829664962,0.185046044979432,0.274445517270439,0.343155871975032,0.48014008418663,0.0804610831906014,-0.0668175149317559,0.0442919473735621,-0.0849649649429982,-0.162053411341334,-0.0132231120243058,-0.0196990377025827,0.0126206844983198,0.0821156112236071,0.141519200180092,0.130161127931759,0.00893732550326194,0.131236154807369,-0.35038846110131,-0.00893295531316666,-0.0677685693338165,-0.0734355325614045,-0.0520379047362111,0.10138979962021,0.00881497773692895,0.142570523850377,0.164818301822211,0.274435717214125,0.415108922688891,0.139867376570399,1.03776252729025,0.321543564485439,-0.976539204620432,-0.527360181606053,-0.311433382688014,0.0557851247453505,-0.0478668666471499,0.249603978294659,0.459689657416842,0.556818353618519,0.82146730924282,0.0685287274325223,0.00740496021719972,-0.016671741500471,-0.190741883040533,-0.228516106806677,0.0120711193354966,0.0680617600509131,-0.00012407679488476,0.163771204886741,0.304734695035554,0.446480029181537,0.578668151882507,0.280849297518552,-30142.6556557344
0.484651839547447,0.206097048753706,0.0103552031763034,-0.133010367488933,-0.0180896756666266,-0.110964749467371,0.0241193603612305,-0.172533530569162,-0.295998737170996,-0.446433460753695,-0.681946557445587,0.350489883506182,1.52505542563761,-0.103138108191165,0.14320340740514,-0.0615706166557085,-0.0387199361014091,-0.0113903471809645,0.0125064023632483,-0.063540297409824,-0.0467010700025846,-0.0887897150346908,-0.116778804128618,0.187808897641727,-1.01889471673314,-0.0566587315375549,0.314103489867049,0.0401618741867677,-0.0568884645072289,0.0798410270877187,0.0254258157293661,0.180794449992249,0.292564188996544,0.411125228540497,0.677963539868552,0.120276510571324,-0.709859166322914,0.063293373179112,0.174963611798208,-0.12363684877945,-0.0725435866630376,0.057112421105986,0.0277975499622403,0.168202089524842,0.265163956644103,0.331243497740489,0.306041835241943,0.140885917498535,0.438252187972565,0.0611145564135957,-0.0459247005099952,-0.168058442618881,0.032541585959879,0.0167532089003919,0.00711789779270037,0.184229984037644,0.268547811992506,0.347462838919146,0.477127316250312,0.0788197761893552,-0.0695258788467396,0.0445064971206566,-0.0805578439391514,-0.163363120082497,-0.0149080123353996,-0.0224736827061559,0.0125917149673787,0.0900087608811567,0.144049096076082,0.139644061011454,0.0117080902536971,0.133744606204243,-0.350582899596602,-0.00830447479518145,-0.0688795177018399,-0.0748488948641368,-0.051943795799612,0.101312625517422,0.00889183047615409,0.141777998478738,0.164228266438263,0.280740550489719,0.418600154398597,0.129050899932221,1.03896423217958,0.321655410904459,-0.981086815168746,-0.527669122448663,-0.312666893693935,0.0560623320352033,-0.0478736220959181,0.250807358510014,0.455114492025307,0.556981950937987,0.820519403703056,0.0702631923154141,0.00825539062504502,-0.0161878858094374,-0.184752765021183,-0.23156646029824,0.00989441200865067,0.067083753470253,-1.7066639980725e-05,0.141570374601937,0.308014772907064,0.449203662353411,0.576877739586169,0.280777709873695,-30142.6469754411
0.484436230808503,0.206361789086778,0.00908302384921247,-0.132478927835839,-0.0182020499880207,-0.110931612805628,0.0241460808005475,-0.173195567329228,-0.298597929768481,-0.446789645800937,-0.682932021101119,0.34937049150356,1.52505215868449,-0.103011619353448,0.144053280246125,-0.0626024212696047,-0.0390629316747677,-0.0111186280465747,0.0125150771385972,-0.0651565561341828,-0.0457550598102685,-0.086866549723734,-0.11812929757418,0.187605938941381,-1.02030323136048,-0.0564108331097074,0.317543689655596,0.0381762454951554,-0.0568625089196508,0.0803468380819485,0.0254381907687416,0.177949028883949,0.293256689355409,0.414507758983474,0.676227010700998,0.120013636819172,-0.711073268853424,0.0635747600563062,0.177507361729584,-0.124632627370944,-0.0722629081119765,0.0572719383671078,0.0278246238612883,0.16640633397711,0.260047467130385,0.335661105679229,0.304343586690019,0.140397523581893,0.438168854213792,0.0613940430689921,-0.0439016349326214,-0.167181077359592,0.0321728109194254,0.0161126581414411,0.00713095499326875,0.18160254695644,0.271707310781079,0.344288988747966,0.475457056937089,0.0785577224568275,-0.0701016535764346,0.0445569310073116,-0.0849523485225369,-0.164251831573817,-0.0164609053153344,-0.0218249136887633,0.0126255652988363,0.0889782022807318,0.145484368273773,0.141193176061582,0.0164467490349319,0.135415538659937,-0.351270925546607,-0.00797990311384816,-0.0684272980459711,-0.0737147062869419,-0.0523784897291423,0.100139090696495,0.00889760617837924,0.144099126016642,0.166517690221106,0.276637647153639,0.417835841039651,0.128793977310119,1.03970783537998,0.321788331673629,-0.980790204144624,-0.528315078594119,-0.313086079907559,0.056078720652027,-0.0478746879990281,0.247379255265879,0.453353794015232,0.558385970808343,0.821334281137675,0.0703662753535317,0.00786025150165772,-0.0159694918630883,-0.185537129504029,-0.229011927329439,0.00894215583205821,0.0665689889354391,-9.77302359122819e-06,0.157337341973185,0.300276436814746,0.443033668387313,0.577071447052121,0.280508856511169,-30142.6026239231
0.483643683429976,0.206660195052511,0.00976887686884334,-0.13327835718547,-0.01888539567796,-0.11128129695135,0.0241757136391007,-0.172880596859349,-0.300183865476681,-0.445567073405368,-0.682408961921672,0.3489927934412,1.52513119606519,-0.102747944542456,0.142757310575828,-0.0629366179091036,-0.0392549739055809,-0.0108990461629231,0.0125319853155433,-0.0666680666371346,-0.046937042398304,-0.0872553945235392,-0.119447571259879,0.1873684865213,-1.0219689022952,-0.0559907598917048,0.320421230983743,0.0371784653415276,-0.0574830403809205,0.0818473962472399,0.0254748763483936,0.180150276318463,0.297787195885123,0.414122363736254,0.671085923927529,0.118444100705667,-0.712449116496928,0.0640834497655684,0.178781926376446,-0.124881054656019,-0.0723524005926303,0.0565186503616142,0.0278826303495862,0.16706457309418,0.262119443356704,0.332664989163803,0.303661179305705,0.137188730687194,0.438081520461534,0.0617468494341474,-0.0448492219072055,-0.167166020682033,0.031726779673475,0.0155839645287851,0.0071640494134813,0.18075806080399,0.266881464200112,0.342575012668561,0.475697576417747,0.0787845787153211,-0.0707247785216924,0.0449474534063064,-0.0848142368306318,-0.163120956169831,-0.0183299000992374,-0.0218830307421526,0.0126658982431047,0.0895399580545131,0.146146786912679,0.139455336314066,0.0186632767953582,0.133964105255262,-0.352638346673567,-0.00763381099319485,-0.068185949079116,-0.0730271130178258,-0.0533369655003677,0.0994133802466702,0.0089011769231951,0.140300970079403,0.163383258919501,0.276108841864005,0.416884290788259,0.134030804113039,1.04092801705184,0.322085748225329,-0.978395677522917,-0.529085491304889,-0.313554887647985,0.0553255784517285,-0.0478715521722868,0.246459715296763,0.454266081204108,0.557458324572547,0.820598684135457,0.0695652216434052,0.00684313506235507,-0.0156562764708974,-0.187951697504955,-0.227715923536821,0.00915405658754372,0.0678585166729301,-1.77546766684541e-05,0.149616010063539,0.301120783861151,0.44485865525982,0.576766463687507,0.279373485180525,-30142.5841416415
0.482522297641175,0.207048000807932,0.00995689058259809,-0.133227829942203,-0.019824347879301,-0.111462198217899,0.0242034683659376,-0.173741187438412,-0.298658302062005,-0.445835278590143,-0.681866006006109,0.349082057455864,1.52515123638502,-0.102352759396699,0.14325047081862,-0.0625727442384017,-0.0396385628185949,-0.0110830656279334,0.0125537307410426,-0.0673566099008579,-0.0492644202508312,-0.0895229837855861,-0.120376172119797,0.18667150477587,-1.02378156829391,-0.0554737508823582,0.317433257988223,0.0382525544871436,-0.0584139773183238,0.083287536101383,0.0255297109006851,0.178573907771213,0.291936879433304,0.412063954220855,0.67150465426983,0.11733681003425,-0.714269671301751,0.064617649687565,0.177893751991283,-0.12477466307382,-0.0730241196389816,0.0571207996587306,0.0279459012505095,0.164521479699387,0.258277449890757,0.33416479076203,0.304665469810585,0.135588801800907,0.437771474766669,0.0621691690755125,-0.0450683832389019,-0.167748729926114,0.0313084905356046,0.0153836072437336,0.00719789408437537,0.178197704356153,0.267535049419907,0.342353669039303,0.474363031087455,0.0782558344382491,-0.0715271406041565,0.0454906568941319,-0.082006652868298,-0.163046409523113,-0.0191859812429781,-0.0225807855736352,0.0127072831711905,0.087959467541134,0.145758836422185,0.142340958648786,0.0164934500676444,0.131689119928774,-0.353891247474114,-0.00725933306832008,-0.068642823389748,-0.0742762602233714,-0.0541253763097149,0.0998289055619301,0.0089322071655615,0.139192767108575,0.161038390031512,0.275326535094928,0.417208773838091,0.136724147971692,1.04209150701118,0.322415293324592,-0.979275012225641,-0.529283074913457,-0.314173187739817,0.0554029791168831,-0.0478629538576655,0.245815165818844,0.452536013038556,0.556080063520698,0.820706598424593,0.0684831142515581,0.00628698267687449,-0.0152256066308106,-0.186850890865117,-0.229651212515023,0.00929110223882751,0.0673892685333117,6.55471438961593e-06,0.153807174937487,0.301122748755404,0.445002996152932,0.573235944723261,0.279418515403644,-30142.5668313418
0.481329315127608,0.207500805170751,0.00973365535777512,-0.132949923879778,-0.0207931081080239,-0.111327206065807,0.0242354236528726,-0.17405585256543,-0.299554423621758,-0.445373187193075,-0.681734517756186,0.349062702800194,1.52505714847369,-0.101931543400832,0.144017321923939,-0.0630275030178425,-0.0402406814480586,-0.0110371141264615,0.0125852409941585,-0.0691964402064593,-0.049952553316908,-0.090074760603075,-0.121298862731609,0.18578284260567,-1.02546212805132,-0.0547415286302894,0.318779905277117,0.038775217111516,-0.0589380965471316,0.0817059476445305,0.0255914038477113,0.175183765538107,0.291766752194338,0.411526683020387,0.669428845739469,0.11761305444937,-0.716548233014782,0.0651837716964399,0.178201354591371,-0.124296324147723,-0.0740786894846176,0.0567622250892985,0.0279960443949965,0.164951381706136,0.259548565836749,0.332481965447298,0.302251454677301,0.136479597582193,0.437044298895943,0.0626132860023155,-0.044102319197853,-0.167893214921602,0.0306487333920987,0.0159220652681861,0.00722015542497205,0.178538986553397,0.266261310401878,0.342410676097469,0.47374761805819,0.0771432071253983,-0.0725120648116838,0.0459762762602446,-0.0840336678237811,-0.164086669861275,-0.0190764746734133,-0.0222563936670508,0.0127563842734478,0.0866833076826665,0.144061375890359,0.139989771152003,0.0165376413114292,0.1311512151904,-0.354942782792897,-0.00670759850787873,-0.0681507643375857,-0.074746707592325,-0.0545765146680192,0.100122417328841,0.00897373546207394,0.14062622738551,0.162487900543219,0.27615811881391,0.415166361519295,0.133523848096025,1.04291794727734,0.322775905790612,-0.980598738794882,-0.528826802221081,-0.314920224935615,0.055542683382967,-0.0478574570376683,0.244304244620939,0.450433725936066,0.556719464706268,0.819055989833208,0.0675630270403363,0.00554414916358472,-0.0147953640251658,-0.186526317922972,-0.230782450435949,0.00867687243475733,0.0677801910524954,3.93855283961018e-05,0.152153307008145,0.299109155408618,0.443018152065304,0.574687549765145,0.278866769588298,-30142.5473950004
0.480382063462769,0.207971145537186,0.0102205998675073,-0.133543266012237,-0.0214143421646262,-0.111405656067465,0.0242751244153931,-0.174818881721494,-0.300415683549166,-0.445866049153482,-0.682806770290691,0.348250430924267,1.52468208777179,-0.101554965319349,0.142829305394325,-0.0633653692911278,-0.0410507762790698,-0.0109130338114351,0.0126145333631141,-0.0695424803767524,-0.0502970530825408,-0.0899786479295883,-0.122266019007392,0.18524715202153,-1.02735684854568,-0.0542156842119076,0.319196596692598,0.0370363212915672,-0.0593393818556231,0.0817231226561085,0.025641359423482,0.17520932352261,0.29038083849584,0.410359270943722,0.670208433588309,0.117170296972727,-0.718939420128608,0.0656787932063537,0.179042274649163,-0.124843419067593,-0.0748259668947471,0.0574072822925468,0.0280344505335911,0.163157344584358,0.258057046766646,0.332626491112373,0.303067049599619,0.136644692943581,0.436268195969236,0.0630235393116114,-0.0446613009204974,-0.167978165102918,0.029849079713003,0.0158825077129669,0.00724664491088631,0.178444929011032,0.266105809650993,0.341382521329365,0.473126195286149,0.0767604493161245,-0.0738598458290147,0.046472964989641,-0.0838639749522134,-0.163955674895738,-0.0191864950945112,-0.0224347108134544,0.0127833532513953,0.0858878511730774,0.14186150824193,0.137545622867116,0.0139413839988351,0.131624172167624,-0.35601710922644,-0.00613219638482433,-0.0682617926587233,-0.0739848932631172,-0.055135300340905,0.10033141535137,0.00901062681730964,0.138585050521463,0.162709033469467,0.274901235908945,0.415272569135924,0.13056865263322,1.043382223377,0.323110065983899,-0.980208221543243,-0.529324357699997,-0.3156144996341,0.0555981688072906,-0.047852884655193,0.243201466831123,0.450521718733887,0.555001506619695,0.817611758453736,0.0673447336082751,0.00478313163335892,-0.0142963143518485,-0.187156170260458,-0.228821112347177,0.00768221891656333,0.0671346562283134,6.83699798826944e-05,0.14946365273148,0.299127028012983,0.443072684202927,0.573574496680337,0.278183385028705,-30142.5314972111
0.479353007016899,0.208520855203083,0.00977236831760334,-0.133755090790802,-0.0218618287184978,-0.111488109574572,0.0243185030787719,-0.176321348109775,-0.301451825741037,-0.447660808750778,-0.68390367596764,0.347063909786946,1.5238507779025,-0.101126982556948,0.143413122384841,-0.0634402809999605,-0.0420371603685525,-0.0108715986696801,0.01263829258822,-0.069738484378813,-0.0508904626396407,-0.090961868000688,-0.122190348309698,0.184863109798028,-1.02983282532003,-0.053657491084104,0.318796645645288,0.037459737986405,-0.059910745390756,0.0822097879009057,0.025670772241353,0.175981420576177,0.291347842976944,0.411083307729151,0.669375264830831,0.115784874025848,-0.721230321881272,0.0663047097643758,0.178335068776988,-0.125363513801294,-0.0751439611244916,0.0569528635299086,0.0280811844439723,0.164647810070007,0.258669979993336,0.332485219653399,0.301681627920883,0.135744192752462,0.435399865084619,0.0635084915762945,-0.0450630684691924,-0.168186438841629,0.0290253329772066,0.0156990379921255,0.00728173483273943,0.176561736898168,0.265552663624466,0.341167395961469,0.472713151883939,0.076524708015323,-0.0754278003689108,0.0469749192427597,-0.0837135771349403,-0.163943100704483,-0.019811813309138,-0.0214154397082893,0.012814124718779,0.0827330320190465,0.140933967888491,0.137708179543521,0.0116473534176449,0.13163137252218,-0.357186319254386,-0.00558073713983694,-0.0688652361315883,-0.0742186631211409,-0.0559759801574797,0.0997429949036756,0.00906028041128833,0.138827238957791,0.159434514168809,0.274418230300893,0.414214805164205,0.130707552830628,1.04360230906314,0.323523240017766,-0.980007080202534,-0.53008275671441,-0.31626166807089,0.055730440390127,-0.0478455995752546,0.242042021865869,0.449574871528966,0.553901261511922,0.817308459121244,0.0670770514590306,0.00398205885017008,-0.0138416628340256,-0.187325909476306,-0.229689755362155,0.00656991286476742,0.0674369338649272,0.000113783943067977,0.148876948242431,0.29775896216791,0.442457750132851,0.573333270096387,0.277676955334034,-30142.5155346648
0.47808167916074,0.209041917384047,0.00973472174925125,-0.133619855804327,-0.0223118877584736,-0.111240685332968,0.0243490997683258,-0.177104788300787,-0.302734663137421,-0.448395060487155,-0.685326167372475,0.346336004764628,1.5230129154565,-0.100669010189293,0.143190203357045,-0.0635876132225797,-0.0426827486022186,-0.0110105842320071,0.0126650248183498,-0.071174406471956,-0.0510910886704049,-0.0906125497386762,-0.122759759945949,0.184518316079212,-1.03198932833897,-0.0531195580402672,0.318059836058115,0.0377884567243399,-0.060653655854921,0.0824310248362685,0.0257077977641202,0.174995404597764,0.291343524010356,0.411122808418834,0.668903653498287,0.115802185722215,-0.723352538977981,0.0669080660398155,0.178150545137111,-0.125133522929353,-0.0755661056746127,0.0571607021572589,0.0281253505577514,0.162255058384326,0.257512776839841,0.331444789565021,0.302341564320366,0.134706152666265,0.434505518717859,0.0639989470166538,-0.0447737953877516,-0.168429254863386,0.0283420513027313,0.0157884463555372,0.00731531868448188,0.176136473502008,0.264242744501396,0.340641631817602,0.472152260672763,0.075803058241,-0.0765762472187656,0.0474769542166588,-0.084242471709984,-0.164384464937911,-0.0207771708635522,-0.0213785731656686,0.0128618693304191,0.0849781899116633,0.140687972173421,0.135131628063452,0.0110474216356018,0.130806893870166,-0.358591102592513,-0.00511054008719772,-0.0679435264834951,-0.0751919463368872,-0.0566205503664791,0.0999695097965439,0.00909762884672769,0.135145504439125,0.160000464744967,0.273004212493193,0.413874730715158,0.13140980209914,1.04363724228246,0.323998184215176,-0.980863920067554,-0.530164299974,-0.316882328069604,0.0554878138339174,-0.0478365697977512,0.24147746354312,0.448553612798035,0.554196660078664,0.816492841247102,0.066549792439184,0.00305324832894218,-0.0133758286714652,-0.186418897149255,-0.230713787417018,0.00583866679218161,0.0676388253401045,0.000150445769494851,0.148880889987168,0.297542666012371,0.441740593736944,0.572339150407046,0.277084083448631,-30142.5014952684
0.446846047722934,0.218807522832915,0.00396202962407978,-0.138361801794273,-0.0291721176406312,-0.1055905388804,0.0248042430769136,-0.183496507840539,-0.308974754910726,-0.460381740182012,-0.695846363400301,0.341987729385352,1.48933723247672,-0.0906128632150932,0.137432133293894,-0.0678084230497912,-0.0496443738669433,-0.0068604307033718,0.0131684679929891,-0.0755547424999842,-0.057095575162778,-0.100986653557172,-0.13060936407139,0.178318115711354,-1.0624630253731,-0.0434839762846795,0.316189423011079,0.0325162693221235,-0.0695700304535432,0.0849378941081507,0.0261804986390208,0.169900543488028,0.284096029769795,0.399516440225734,0.664410005968147,0.113406462979074,-0.754083063192612,0.0769918040310655,0.173821135916377,-0.128770553731207,-0.0826776562475554,0.0611581685756708,0.0286154852815662,0.154089620135101,0.248840487618875,0.319059573595961,0.290008425542648,0.128187498680162,0.403018642532979,0.0738038338844673,-0.048887630372184,-0.172427410953701,0.0209426711205729,0.0204402963307336,0.00781875140785195,0.170217629705148,0.257888635634621,0.328848794472912,0.462440411167216,0.0688178944953394,-0.106616568532636,0.0575463501111455,-0.0869453410515331,-0.168682075229073,-0.0310977794561297,-0.0211454670357234,0.01340269392383,0.0765547962012999,0.137566971538226,0.134513121338933,0.0136021863123704,0.11897660042021,-0.38978821489741,0.00435061190451843,-0.074936845079439,-0.0781180956489739,-0.0629586556477726,0.106603856525257,0.00954475560943526,0.133556860887545,0.152659541126802,0.260865915366011,0.398693589279554,0.125998393709833,1.01205246946769,0.334267192433482,-0.98753741878611,-0.533935305710194,-0.324772138519564,0.0594309803422438,-0.047374187364437,0.235456096473615,0.442276096759825,0.543072110464562,0.809534959796918,0.0600387789523112,-0.02787630223171,-0.00335985644826165,-0.192329113713803,-0.2334307261291,-0.00102045395263188,0.071830446417988,0.000626564238360732,0.140412551476196,0.290801087177142,0.429500439337967,0.561278451716314,0.27003031524601,-30142.3251537444
0.408038939535063,0.227544643386408,0.00367740692640348,-0.141531954296194,-0.0330624094448332,-0.109357643149404,0.0251815272740322,-0.180081250740534,-0.307773666028763,-0.447169482568921,-0.694643424798243,0.342922212060882,1.45477342453435,-0.0816550946569515,0.13588237395391,-0.0717964728521581,-0.0491333785377431,-0.00629550902801289,0.0135184517860625,-0.0790781564401854,-0.0668852323244365,-0.103624597885937,-0.145469267390002,0.177874128043887,-1.09973968238732,-0.0334184848132234,0.305198903776453,0.0308208770743187,-0.0672541661806485,0.0871234570049004,0.0267003899375139,0.159564781568044,0.272164428017515,0.400163581525689,0.640137939344346,0.102255058196616,-0.792503090785824,0.0857524179806824,0.171220564533394,-0.133698638666889,-0.0860790314845715,0.0631747003689181,0.0290239658958094,0.158095748086201,0.245066685094764,0.321155074700441,0.278484345803517,0.130781360405747,0.365019476345257,0.0831287641845936,-0.0536040113614892,-0.176708947329044,0.0209833902986625,0.019622046707321,0.00813487010849024,0.17026284622469,0.254828539458989,0.332976024077009,0.451918540144188,0.0708284225251802,-0.152759082047258,0.0657467386446963,-0.0932813823472176,-0.171681636850201,-0.028103101469638,-0.0121656628051538,0.0134858549067798,0.0919879766986539,0.140178425863168,0.131427454613388,-0.00710896333925694,0.140363417413491,-0.429403695070471,0.0140727195376467,-0.0714334642160468,-0.083007899091855,-0.0680550122206826,0.10142484533538,0.00991801016706901,0.132272891454233,0.15152638337357,0.27385191311745,0.408476382005359,0.126142436099296,0.975105288354252,0.343040850567865,-0.988849428946638,-0.539534038238127,-0.32657558450389,0.0596820447436202,-0.0469462119990155,0.236844564276807,0.439541599683267,0.549257900110544,0.798678658765672,0.0590891639426466,-0.0671994340783535,0.00558842634763933,-0.198493188663751,-0.237966599822448,0.0011011774739502,0.0721955687742167,0.000932289875902315,0.144603751861424,0.28569068825732,0.430717414450582,0.550160597365751,0.272980245316294,-30142.2919556334
0.388445915300096,0.2304961718464,0.00351070899035709,-0.140755679630496,-0.0284194393001354,-0.110250490127735,0.0252939896779296,-0.176474318474912,-0.310051883830094,-0.447313472224452,-0.697884794846935,0.344672516514465,1.43952579883462,-0.0794498748972033,0.137055434314005,-0.0714523839839875,-0.0500414900896652,-0.00636908102489108,0.0135200899697322,-0.0767576137450718,-0.0592234368656746,-0.0916716195197878,-0.145001049412844,0.185884061039835,-1.13072210166915,-0.0308515341264194,0.321374824795094,0.0303909745005998,-0.0641332559845655,0.0924936939772343,0.0267258137788267,0.171669685770191,0.281524590666803,0.397692506007916,0.636518585292535,0.114882481225462,-0.820582044657417,0.0886661256367781,0.171928640334677,-0.13293763094927,-0.0817438843410972,0.0601192431338151,0.0291146025664774,0.162474811208368,0.253070140195457,0.337602629185086,0.289023195302282,0.137655792480565,0.34637048312302,0.0857149264691881,-0.0552920761774074,-0.17673977322262,0.0229112631862431,0.0191845122512983,0.00814049670629267,0.172685046415006,0.256514445752685,0.340239444599872,0.454312615829869,0.0795119616917314,-0.166507950558819,0.0704517003673057,-0.0928389489575834,-0.173458499928285,-0.0198714185343463,-0.02481229904282,0.0138826156432678,0.0716096646443409,0.121716166503793,0.130383664687916,-0.0100159014687944,0.122118666248763,-0.450033302012924,0.0179966996966643,-0.0841307250423404,-0.0844930849004491,-0.0638358419067254,0.0989952981005819,0.0100426971822367,0.134611571127933,0.163248071370675,0.281208545935726,0.40694095767004,0.127206866891461,0.961730342529293,0.34456909388584,-0.986234710064725,-0.539469864959005,-0.322933139182394,0.060571085276169,-0.0469723719676129,0.238818845623539,0.439585817930154,0.548588916172898,0.795271789351706,0.0669187028701445,-0.0855582591245741,0.00810424867538422,-0.185073420314102,-0.24029500028577,-0.0035733687052082,0.070784161152629,0.00100679703539663,0.146400810114973,0.286140450291242,0.450503473918162,0.559962832675882,0.282467423584335,-30142.2697897694
0.381679834005668,0.231126021380583,0.0021130616861785,-0.142602050105872,-0.0266875659128046,-0.105087914420401,0.0253469867456318,-0.182546361350801,-0.30900659108603,-0.452944136552207,-0.702135435647859,0.34922428844847,1.43422833472587,-0.0790461611905641,0.134390513422372,-0.072358538299992,-0.0491846820768616,-0.00906975094615767,0.0135585379111455,-0.0702971727066588,-0.0543830100380383,-0.0888222810704041,-0.128511568119257,0.184519404615042,-1.14062356204215,-0.0297424792934332,0.300439562777102,0.0279115769385856,-0.0624073673757441,0.0831754695129821,0.0267474686437875,0.178852462639285,0.283671588017923,0.416555372582646,0.663376335666049,0.126349761470024,-0.830996095855387,0.0898690327818452,0.172756953135094,-0.132547589707753,-0.0783497244027144,0.05896775146727,0.0291768026977775,0.163045617261386,0.257675056788015,0.335617229548384,0.29863306192975,0.135938575362828,0.341445721059837,0.0861537233217337,-0.0504953345894203,-0.17718921092007,0.0225194837173164,0.0193195576343628,0.00824086934068805,0.17357866292005,0.256844987231141,0.340604614645653,0.46274996488931,0.0770706489859776,-0.171801612648996,0.0706836091825617,-0.0887734253023266,-0.17167719373397,-0.0267401690200439,-0.0114174619528881,0.0140395639446003,0.067713009344458,0.121015677801023,0.117192714607545,-0.0161599414293262,0.125673399118578,-0.458104839586758,0.0182430336103279,-0.0685917544634686,-0.0831987619819445,-0.0613494024478832,0.106932119433715,0.0100528790264705,0.141515827718263,0.143674898675584,0.262984098839205,0.394590933416977,0.133329716406952,0.958598401228881,0.344998254159275,-0.9866307952662,-0.536325561461978,-0.320828091720646,0.0592354125388866,-0.0470551116458997,0.234168405066727,0.439177853863412,0.550615430872987,0.799022294136564,0.0683611293285407,-0.0901932581298189,0.00922552088491261,-0.209589951327166,-0.238244153522857,-0.000309667689519331,0.0685874065389306,0.00111697451018475,0.151586627180238,0.306147323980008,0.441722091484367,0.569452575143521,0.274651119922441,-30142.2693863289
0.380886972022564,0.231216065829633,-4.65240634033152e-05,-0.142383077161776,-0.0270614687121129,-0.105034719662764,0.0253526070651307,-0.18077509104103,-0.309878631741265,-0.454980813024686,-0.699968604915209,0.348468253726448,1.43291332883163,-0.0790204931598417,0.132044042212976,-0.0731706591804649,-0.048281174910871,-0.0079420348023451,0.0135833435442483,-0.0715638316003193,-0.0567109796878285,-0.0949912359597941,-0.125863391303185,0.183851120612283,-1.13966130170884,-0.0294589432079706,0.312696321717834,0.0284570370365885,-0.0659574895728902,0.0822891920731747,0.0268135915370979,0.169535239832519,0.290397426639805,0.410500918328141,0.672548959229978,0.118564066784473,-0.830158717558861,0.0900376214794479,0.167474994456898,-0.133277022619282,-0.0800534488768208,0.0610767085524506,0.0292581154960948,0.166352024085233,0.251290760026256,0.325136281332043,0.293356388087619,0.136063463356623,0.341577676249408,0.0861310296468241,-0.0543372545487746,-0.177543302154403,0.0221327194859984,0.0194394205900422,0.00831454808459105,0.175315055342343,0.261982328620997,0.333134366576468,0.462944396712394,0.0738500724198728,-0.175015348163864,0.0702879134052521,-0.0919799650040141,-0.171013910021619,-0.0277870713034214,-0.0138378039878706,0.0139550306152,0.0762842955009994,0.131286138062509,0.126772784053493,-0.0140051916693445,0.133322546467118,-0.458150413922224,0.0179349368147225,-0.0834030081979225,-0.0835409993814517,-0.0603633314589536,0.107577233133824,0.0101200983342261,0.124399779498958,0.151695819263654,0.267726548149294,0.393503563350705,0.135463717195741,0.958206973872935,0.345268630933497,-0.994096932958267,-0.538828391074207,-0.320964362418994,0.0596271823186071,-0.0470191179208771,0.235009343254764,0.440391872378557,0.547077650809141,0.80814041138528,0.067460284396957,-0.0921634808089001,0.00923387398415675,-0.187428856946218,-0.237667517947691,0.000524676329712865,0.0709086184015627,0.00107031552213748,0.147457674591469,0.287324255378664,0.440921679408195,0.567560434336076,0.273192465544821,-30142.1925351626
0.380806093571801,0.231398803570367,-0.000576488410622721,-0.142022716209404,-0.0278602264135423,-0.106937942517064,0.0253816984562198,-0.178806262517692,-0.309777421359111,-0.458218628899735,-0.69198340108898,0.346615946161492,1.4316363814131,-0.0788882793492486,0.132806217232217,-0.0721661115896522,-0.0480902360698912,-0.00645153217122493,0.01361549342375,-0.0750159821658402,-0.0570015012439526,-0.0981419445695833,-0.134208631224889,0.184947460333247,-1.13827848438228,-0.0295921846656894,0.313059522830976,0.0291947862764426,-0.0692334209622611,0.0856859041111174,0.0268839305395674,0.18162889660502,0.289542222660742,0.404519223344048,0.66702386718895,0.112071702576072,-0.829658082232128,0.0901270112973042,0.170982921725793,-0.133593054164969,-0.081661937920714,0.0639591535983117,0.0293032202633087,0.155038415285863,0.250551777417636,0.323719320336454,0.289293134788659,0.13566348296768,0.340527876240309,0.0861026578918494,-0.0562671763821987,-0.176499856547091,0.0221812432668464,0.0211308732914654,0.00832935985245607,0.17195589085309,0.256927160711541,0.334688674600987,0.463702098268018,0.0745720544786284,-0.177577930718204,0.0700566013701024,-0.0951784616666959,-0.173535201804849,-0.0256990756419659,-0.0176668093106822,0.0138857136848014,0.0827618206842276,0.136075588171144,0.13273501278328,0.00753461288603023,0.133550639609484,-0.457779853175857,0.0178351180477782,-0.0802949461605447,-0.0833771030343739,-0.0608313757783443,0.104870267517673,0.0101753929070523,0.13479136772659,0.151870157014334,0.25869437364531,0.399599935759181,0.131495586258674,0.957489049859575,0.345597440808761,-0.992807505437795,-0.540419723155735,-0.322368907422559,0.0592900632193893,-0.046978854616829,0.239926122424695,0.442969929220825,0.544872870666222,0.809917631131781,0.0664834837877159,-0.0924620357285679,0.0088851770194276,-0.200659933606881,-0.240674831750341,0.000632650885489315,0.0726953808373646,0.00114828344875968,0.144446497798167,0.2926318940225,0.433832956034674,0.561913849274291,0.279723830492495,-30142.1447766589
0.380815263993475,0.231416420109956,-0.000711509200335257,-0.142450275393982,-0.0280076679831846,-0.107102596806211,0.0253947510330141,-0.180387968011533,-0.308169119861936,-0.455288208260106,-0.693673392823042,0.346451717070297,1.43130937359756,-0.0788643858553027,0.132098265973169,-0.0721666307093416,-0.0484675950015724,-0.00558908867097107,0.0136336721073149,-0.0739075187447319,-0.0585612224149072,-0.100830999915154,-0.132408704550799,0.185000326918654,-1.1384535042587,-0.0297378151290333,0.308097388357558,0.0289169600558831,-0.0682236095882309,0.0877870962308879,0.0268805070235628,0.174271368517192,0.288032909199127,0.408826517694389,0.663946514020564,0.114950215465939,-0.829623067854833,0.0902191500261679,0.169751858110294,-0.132775635060799,-0.081316842607128,0.0624180860572257,0.0293015956212705,0.160545152144513,0.250967532810679,0.321097830424591,0.289423518511528,0.13536980054916,0.340012475313202,0.0861198954499456,-0.0547560676455662,-0.176951667246416,0.0223219705678236,0.0204770862338028,0.00832270726783515,0.173823222624379,0.25852774493756,0.331327582438451,0.462193576606268,0.0764966893285936,-0.177154236655404,0.0701691765610271,-0.0944188968562686,-0.173681681533527,-0.0257657046519355,-0.018751318356668,0.0139089537740485,0.0844500000977823,0.136544680842048,0.130516673193797,0.00922944443577074,0.130847996654667,-0.458076762666213,0.0177901487321577,-0.0771018332408832,-0.0835297726141352,-0.0614105211913359,0.105174132681732,0.0101724514934631,0.132670119793868,0.150720389331967,0.263389931824458,0.402987968115256,0.12967600882188,0.956906375300087,0.345674557959671,-0.991179094255551,-0.539493313787338,-0.323074689508516,0.0595987754948367,-0.0469785929857075,0.238003276550025,0.442453235805406,0.54641004204732,0.807837155549692,0.0658802534522629,-0.0924250578142907,0.00901020247902142,-0.198526246200198,-0.239021272170298,0.000150901150380672,0.0726522788898338,0.0011597581663762,0.146015121181555,0.291176512394303,0.432499842863214,0.56151201391848,0.279166032058532,-30142.120760047
0.380509983156067,0.231402514685885,0.000366663213717904,-0.142606887198267,-0.0286891222844237,-0.106355306532848,0.025410705239516,-0.178448547655634,-0.308024793416579,-0.456832488419995,-0.693002921239197,0.346773342857018,1.43071223876098,-0.0786707325419379,0.133208125902901,-0.0725285331676307,-0.0486078442911839,-0.0064977125099264,0.0136728213973379,-0.0732117548418618,-0.0583087070430279,-0.0995718844106648,-0.134090060930547,0.183937693212883,-1.13845542634301,-0.0296564008316732,0.307813739634969,0.0301587528616865,-0.0661602416167491,0.0870229433394341,0.0268705722915134,0.173587523570856,0.286358968062853,0.402490571311003,0.656927723540241,0.118193659105125,-0.829645788678277,0.090229953070627,0.166919543094163,-0.133902193651296,-0.0808825377115155,0.0620808089741326,0.0293061895868981,0.16136303616263,0.250091581574706,0.323729864135119,0.293848872677247,0.13475300274533,0.339268257054693,0.0862127149323679,-0.055082981277128,-0.177554225239527,0.0226702559388669,0.0205434210219555,0.00833173013393983,0.173504259248961,0.258281506101393,0.332505335235083,0.462510428517221,0.0763825181952563,-0.176864585786792,0.0702386662811267,-0.0937799505188039,-0.172357488428579,-0.0271941023901908,-0.0170957641907373,0.0139413488183146,0.082534312036716,0.1375793006116,0.129831883722361,0.00524865042243209,0.129997957325675,-0.458300955771491,0.0177049170754791,-0.078361872576334,-0.0832398245803918,-0.062966881514427,0.104801181764855,0.0101903434210886,0.135019106193685,0.153987894708156,0.266850237540404,0.40492871347942,0.129704635133626,0.956088175375297,0.34586615584792,-0.992751247200049,-0.53893643129393,-0.323696074074211,0.0605773391303613,-0.0469466818837135,0.23854027493125,0.441957763372013,0.544921537939646,0.806915293814349,0.0657354806409851,-0.0927995001180282,0.00913902699691495,-0.195723614256967,-0.237741320938756,-0.000215434260594747,0.0724165285973597,0.00117897520564742,0.145516311634596,0.290086067147567,0.431452448915736,0.561991028777808,0.275769538053737,-30142.1149676859
0.379984280466442,0.231462019249285,-0.000116384472888883,-0.141822091348642,-0.0290336591386646,-0.106506326548628,0.0254316736956563,-0.17778793403567,-0.308187252631401,-0.455634191803567,-0.696038888616772,0.346706087314344,1.42930790335249,-0.0784715511019215,0.133310073523181,-0.0722965108264059,-0.0490484598304284,-0.00645376007860337,0.0137124645544171,-0.0738520023079606,-0.0574992947939891,-0.100279857945592,-0.132188740072425,0.182731536840331,-1.13798180684522,-0.0296732177807643,0.310975714518553,0.028418403653429,-0.0648357975066667,0.0878876097877224,0.0268980226020998,0.171527139995704,0.279794336816161,0.395867193049727,0.657903247248963,0.115899109905794,-0.829980123364569,0.0902525994223917,0.171292972693202,-0.133324028386818,-0.08164656574847,0.0612632667448432,0.0293069774955442,0.161951686059801,0.254183090860386,0.324075913122941,0.292077524263843,0.134396820732767,0.338478945449186,0.0863835910182274,-0.0554139089598483,-0.176738626161431,0.0222956792628742,0.0203581131359003,0.0083633076982829,0.175392060093578,0.258591300650465,0.331559251242587,0.461794223265408,0.0746410026156983,-0.176782934812736,0.070278146660752,-0.0931557514426134,-0.172382074129009,-0.0282350888262022,-0.0159142593050221,0.0139838141899121,0.0829964150643421,0.13474974271942,0.130269333402741,-0.000556165769366795,0.130396792800003,-0.458925382565518,0.0176454275502632,-0.0788423720372708,-0.0828972915160708,-0.0643278592579615,0.10438478123363,0.0102033594813913,0.138138722593181,0.157983949482071,0.266061312051185,0.4061878985213,0.130905758216297,0.954749405676814,0.346132145326577,-0.992540490547635,-0.53930903046104,-0.323972757520353,0.0604968197861928,-0.0469046112108113,0.23951078030276,0.442617439982831,0.544709447354849,0.804639530670799,0.0653585316823921,-0.0930583522168862,0.0092202722596489,-0.197517202171169,-0.239419549449325,-0.000152040030364767,0.072172565091691,0.00123444279267317,0.146148475435833,0.291014477061148,0.433707098425154,0.561376905132073,0.275253660361744,-30142.1142665225
0.379764552810037,0.23148946758992,0.000207973828295605,-0.141981989875748,-0.0289569502413827,-0.106415674945951,0.0254419620088833,-0.178629172808483,-0.307813185162331,-0.456478135729524,-0.695463014042983,0.346140752243458,1.42867251371268,-0.0784244418414659,0.13293682012814,-0.0719499479475842,-0.0493353410994204,-0.00642493858365247,0.0137203269320623,-0.0721165012500488,-0.0575449629479454,-0.0996191288566852,-0.133277876275161,0.183079604715868,-1.13759769101948,-0.0296394720735464,0.310733402665963,0.0286976813773525,-0.0656271292121535,0.0871611215987526,0.026922090803946,0.172510428804484,0.283140929251207,0.400422562016641,0.655554911563529,0.114441363504329,-0.829975394825362,0.0902249428089777,0.169839519638544,-0.132908444873282,-0.0821457742529194,0.0621835776899847,0.0293198530666755,0.162488100875399,0.252256648016044,0.324022208184797,0.291908792301471,0.134658751633162,0.338321930677518,0.0864392644817859,-0.0545382318693954,-0.176701482613398,0.0217996447297036,0.0205317010023172,0.00838490249609124,0.174725955780933,0.258855687422175,0.331816125314798,0.46131236439716,0.0743068857638629,-0.176888667901952,0.070369449837368,-0.0928471527502491,-0.17264121039212,-0.0276969016265884,-0.0166511134289615,0.0139940682729809,0.0822810994107018,0.134745121534339,0.12839071202335,0.000685385771077714,0.129757696634606,-0.45929137837491,0.0176891688935875,-0.0776751616449435,-0.0830161021697581,-0.0638842641864388,0.104750486282208,0.0102003614811965,0.137199530430797,0.155888768647975,0.267506624025298,0.40529041029584,0.130851464195093,0.954219904377348,0.346233720042869,-0.991376399709165,-0.539567866977779,-0.323783018997146,0.0603913641573521,-0.0468948536467581,0.23871850745385,0.44195665072826,0.544708896648432,0.80562374025164,0.0651732520420946,-0.0937154741037987,0.00920947809935509,-0.197004697247025,-0.239145226460738,-0.000404793414933995,0.072161231361798,0.00122930607835025,0.146568599189316,0.290858746273847,0.433329185570906,0.561465883976405,0.275992636108773,-30142.1043689302
0.379491650288372,0.231525084991322,0.000706933663394751,-0.142283118426319,-0.0291387119375479,-0.106273774174484,0.0254600590864751,-0.177847216321503,-0.308605097792984,-0.456415490038931,-0.695771627745824,0.345598493803391,1.427872175108,-0.0783766918164648,0.134176236702448,-0.0722793217030714,-0.0494823167266419,-0.0061784250101341,0.0137310560667724,-0.0731460239153133,-0.0570880126250504,-0.0991553972411269,-0.133695579766204,0.183134505131393,-1.1377153718544,-0.0296806005609986,0.30813454991116,0.0300881874295401,-0.0670876343053051,0.0873911459530298,0.0269343935517882,0.172186417381789,0.283980737529881,0.401148713084917,0.657936037507684,0.114683766283226,-0.829897825007564,0.0902507636241753,0.169386149502973,-0.133471558433667,-0.0822410860836513,0.0622477334720237,0.0293409919729543,0.162100259009023,0.252609064772475,0.324075727455603,0.290278485428954,0.134290278755372,0.337903257904745,0.0864823766043416,-0.0539844898507314,-0.177048929007294,0.0213862598679659,0.0206805039690528,0.00840555959154297,0.173941688089512,0.258303206349812,0.332513502429055,0.460893816987367,0.0746508301716047,-0.177352810439651,0.0704549339071076,-0.0932269371053359,-0.172267915082921,-0.0272868393571592,-0.0171314161958672,0.0139974608861183,0.0821176043242533,0.13494293327874,0.127946263580435,0.00127048999787316,0.129032685624655,-0.45942890847413,0.0178031669255029,-0.0777827477717343,-0.0830615199216097,-0.0633037469646028,0.104828394356845,0.0102164354903124,0.136742337105975,0.154544548319923,0.266541173040217,0.403430150519565,0.130077663238514,0.953509621363363,0.346330966879999,-0.991206024894727,-0.539025349346793,-0.323880420566249,0.0598580016003256,-0.0468803724524127,0.238903415417968,0.442137108329138,0.545303003127718,0.804826181929305,0.0648276858803257,-0.0944315580746847,0.00928451981379812,-0.196068205601369,-0.237841752075603,-0.000689601739612433,0.0722075545671093,0.00122504875366346,0.146983704909179,0.291999035756515,0.432571907177784,0.561172607393472,0.275921768725313,-30142.10322964
0.378933855312378,0.231593524866027,0.00103778176133571,-0.141999637972639,-0.0295228901602059,-0.106320664393811,0.0254797485653313,-0.178904092076363,-0.307799437804048,-0.45586422581621,-0.696121290342707,0.345246724297603,1.42711777354519,-0.0782632185603205,0.133901938108617,-0.0721469450713001,-0.0495697982729919,-0.00612574522548007,0.0137570806339493,-0.0726079285290687,-0.057812814351664,-0.0994526346657536,-0.134273275505876,0.182797147810445,-1.13826598333597,-0.0296759871542208,0.310439226413487,0.030007889136587,-0.067965537594307,0.0871803297672187,0.0269308453422519,0.174136879862681,0.285228441242252,0.402594640769912,0.657960357336062,0.11569032996011,-0.830117655941728,0.0903331122401939,0.170658658727787,-0.133273125131137,-0.0821543994461577,0.0622003682176054,0.0293569435553201,0.161187544616277,0.251431573757968,0.323070483920802,0.290448178165783,0.133348345335835,0.337099622365759,0.0865635165633158,-0.0540599073699631,-0.176743701688462,0.0212534250401657,0.0206671674964284,0.00842000638325947,0.174532331241171,0.258403930195114,0.331904139660903,0.460584424205755,0.0746832391329274,-0.177972160963866,0.0704786719269422,-0.0932236845296074,-0.172456748548847,-0.0274619376137276,-0.0167263817185184,0.0140112386593407,0.082237094029482,0.134804534223366,0.128885266127906,0.000870100794417316,0.129014870947609,-0.459587759453592,0.0179317414833024,-0.0774975275064674,-0.0832459986003727,-0.0631657770258543,0.105002267031047,0.0102479899578518,0.135123279311295,0.153962347700951,0.264251404130759,0.402374519270679,0.129002728815236,0.952561981740743,0.346376889238928,-0.991436090082989,-0.538892009329187,-0.32426070803405,0.0605253015697432,-0.0468529921279731,0.238437962520129,0.441920860964033,0.544681470012112,0.805455756389196,0.0644879670582529,-0.0950096526542051,0.0093195803438137,-0.196715841761488,-0.238374671975685,-0.000976764317045377,0.0726276049894603,0.00125058377230971,0.147022632323296,0.291230450731383,0.434074900663754,0.560906909519044,0.275544560364825,-30142.0998621103
0.378313244467289,0.231670535423836,0.00096368212738315,-0.141796338908999,-0.0297307744682596,-0.106255203164561,0.0254971681822195,-0.178539519583126,-0.308290106336288,-0.45631820316985,-0.695625394257995,0.345268727459264,1.4263571256956,-0.0781570660878277,0.133760594916528,-0.0717341819385466,-0.0497345002300212,-0.00600278238363784,0.0137796544520255,-0.0732323437823776,-0.057770320578271,-0.0996712564510517,-0.134619256418998,0.182371776762626,-1.13861128914561,-0.0296547656714832,0.311066076846819,0.0286016265650903,-0.0676809747786833,0.0874537629246501,0.0269418919992062,0.173825505756008,0.28585795452173,0.404027516757298,0.658593375692299,0.114757380517184,-0.830500484444955,0.0903772923220327,0.169793117224053,-0.132710648864218,-0.0823829677978284,0.0622994878024294,0.0293715551602391,0.160947683027618,0.251107126339004,0.32329903386454,0.289916642148813,0.133394365398808,0.336297212197927,0.086646927692658,-0.0539181179536992,-0.176625515961319,0.0212411838796308,0.0208969608168302,0.00843443567917706,0.173922955189027,0.258693076032645,0.332481032834921,0.460595566369512,0.0739170146790614,-0.178443782699183,0.0705307902244304,-0.092064634336772,-0.172630694624988,-0.0279939381326295,-0.0166511035293131,0.0140329429146833,0.0821733000609626,0.135186441422953,0.128791905679598,0.000746526201335276,0.128893874997407,-0.460053598649501,0.0180257042227095,-0.0771008362560681,-0.0827685538885969,-0.0635799624304454,0.105179763862897,0.01026707135211,0.134493072289599,0.152554841569733,0.265643782198168,0.400832649651028,0.128800388921784,0.951631838433628,0.346418966592303,-0.990668876587162,-0.539001973617457,-0.324549569729426,0.0605308455546311,-0.0468262266904196,0.238866519080384,0.44224519320615,0.54561715654022,0.804333437570096,0.0644518846923301,-0.0955462456230485,0.0094063280288753,-0.195633976781761,-0.238741625004507,-0.00124132454051664,0.0725581612021124,0.00127592697954319,0.14660566493672,0.291876179825893,0.43345971434017,0.560787040484714,0.27528110281216,-30142.0979604954
0.3774909482629,0.231764366194989,0.00128216851033415,-0.14183513118302,-0.0297422497689679,-0.106155559607938,0.0255162693827623,-0.179017472659452,-0.308218863117765,-0.455841748803033,-0.696261927972632,0.344985591649178,1.4253980193641,-0.0780618239126923,0.134523987537194,-0.0717344760120488,-0.0500242631145584,-0.00574969922605409,0.0138035445161942,-0.0733864952306684,-0.0578784834569399,-0.0995567834946158,-0.134783718047067,0.182215399834978,-1.13893540845908,-0.0295172671361195,0.310160733483729,0.0295123617559043,-0.0674042357320022,0.0872808444107364,0.0269621000102724,0.17404588563712,0.285415376040377,0.402898826616045,0.658288159784298,0.113259206767447,-0.831131361844163,0.0904023084129168,0.170473371230685,-0.132980375452693,-0.082803447927944,0.0627406846992875,0.0293870156663164,0.161128143479027,0.251699783796703,0.323623825957026,0.289594302365385,0.133643837508037,0.335509741852304,0.0867473775409817,-0.0535814718541486,-0.176630649088838,0.021051760609663,0.0209979111532817,0.00846105754206558,0.17435248572395,0.258590636470323,0.332349458963416,0.460356624990996,0.0735349095795278,-0.178989541811146,0.0706305067735649,-0.0923984909029738,-0.172303153510928,-0.0283937015626277,-0.016767852463022,0.0140614579198924,0.0818142026062364,0.134907296696398,0.128937715393904,0.00112501271798116,0.128342912575827,-0.460896171884526,0.0180582254156395,-0.0769297428898583,-0.0827527262158128,-0.0641268463905071,0.105662891309037,0.0102825809923843,0.134932261175151,0.153616412615853,0.264588989231941,0.401588516185625,0.12916066810586,0.950581820364782,0.346507712402624,-0.990186477575744,-0.539058670757775,-0.324662276066854,0.0607261728596315,-0.0467978420524821,0.23852207149983,0.442167613492345,0.545195634119133,0.804737412092373,0.0642069607010221,-0.0963306802868935,0.00952701075366764,-0.195665465187383,-0.238287690881589,-0.00144051904052096,0.0725213424551346,0.00129995849140658,0.145928562466424,0.290640483540039,0.433601597856252,0.560766833653937,0.275114675450578,-30142.0951923498
0.37671990877855,0.231851118930723,0.00142864222684533,-0.141767835788301,-0.0298850357522422,-0.105894096122905,0.0255378320685837,-0.179116966660948,-0.308363785889897,-0.456348602820847,-0.696480143902722,0.344540595029046,1.42444856601764,-0.0779773767660145,0.134380606348494,-0.0718544742512754,-0.0501895369819173,-0.00570725989969257,0.0138250339892649,-0.0731735222473991,-0.0577479751201893,-0.099213291522232,-0.134704822340364,0.182079381492163,-1.13936599039544,-0.0294485214174151,0.310906499460593,0.029806064806341,-0.067902654546731,0.0875174481051726,0.0269879350540315,0.172212664966104,0.283942105689862,0.402213250468473,0.657343697345039,0.113735364469013,-0.831768614733765,0.0904794945915711,0.171196509223605,-0.132880312772173,-0.0830651753976356,0.0627236509126444,0.0294044475110789,0.161280445320552,0.251868256492241,0.323598053320458,0.29003920555222,0.133010148202465,0.334718812319698,0.0868297749242749,-0.0533619868809682,-0.176451722079932,0.0206873672656272,0.0210468087289983,0.00848673310944458,0.173641348827011,0.258169535474897,0.332129917211431,0.460285931809986,0.0735983702618208,-0.17992330854397,0.0707056524536606,-0.0920590199842211,-0.172200276079755,-0.0283330141678464,-0.0164986777521849,0.0140746055640231,0.0816336924992216,0.134748884618431,0.129030630130035,0.000691120893058121,0.128173093972345,-0.461775985360683,0.0181204752575126,-0.0769703332647459,-0.0829219138312775,-0.0642103453247561,0.105359995139457,0.0102966241253073,0.135120427693619,0.154491177716841,0.266547244336361,0.401925737149161,0.12899946759758,0.949597195105419,0.346626946470709,-0.990458634393193,-0.538657676429077,-0.324704450982778,0.0606685328333919,-0.0467747730896171,0.23827618846804,0.441866696021531,0.545216052835516,0.804834432545156,0.0637473986619986,-0.0972286801411776,0.00960680767838297,-0.195976162618268,-0.238205165725201,-0.00148524252715418,0.0728083761077257,0.00131862516406723,0.146218354590589,0.291422241230793,0.433170286563739,0.560267384170529,0.274919442068662,-30142.0929649514
0.375799457823969,0.231943270568594,0.00161642875067184,-0.141678213570418,-0.0301108312295187,-0.105799772721898,0.0255614157838823,-0.179312295658991,-0.308570529137643,-0.456276259579781,-0.697023078096335,0.344460296391639,1.42336861626623,-0.07786772841024,0.134759304344369,-0.0715739555789932,-0.0503420862897875,-0.00571422892047566,0.0138452681008732,-0.0733302819244466,-0.0575640276843685,-0.0994501503192798,-0.134364666689949,0.18174196303987,-1.1399976859488,-0.0294047865136034,0.311101614296542,0.0295376575590121,-0.068330159614966,0.0877848403721957,0.0270134606384951,0.172647712731762,0.284238942834333,0.40157912494795,0.656396875576281,0.114196582889562,-0.832476891281726,0.0905768206865034,0.170410946707061,-0.132722876856177,-0.0831437550783087,0.062577607225223,0.0294282247474409,0.160827435818114,0.25165285589122,0.324028999615347,0.290082003433434,0.132621043002074,0.333762027904151,0.0869242990665242,-0.0531042574702781,-0.176386221402689,0.0204875573155949,0.0211713026794653,0.00851066882297332,0.173562764201348,0.258383546521042,0.332154197974383,0.45995408055209,0.0732844642147415,-0.180881163330719,0.0707888138615991,-0.0920758396986325,-0.172282714554043,-0.0283246409876429,-0.0163286793519493,0.0140949897412502,0.0817101458436959,0.134882386101606,0.128659085976089,0.000343184759719619,0.128092309735268,-0.462729749149619,0.0182128450128914,-0.0767429310164601,-0.0826804183892051,-0.0643114826492662,0.105437719078039,0.0103146230523664,0.135983749817826,0.15408209666624,0.265314010555511,0.403191520661771,0.128465751191345,0.948485786678715,0.346730317295486,-0.990080995025217,-0.538603313800278,-0.324858908353416,0.0607132232102492,-0.0467500201326208,0.238315769203605,0.442053994711983,0.545297735560239,0.804361995677916,0.0635814459790641,-0.0982945587090662,0.00969081472762109,-0.195136818390005,-0.238212144395714,-0.00160853918159357,0.0731138189949536,0.00133695526250414,0.146030945134393,0.290840415500355,0.433689612274762,0.56002860098144,0.274517324019979,-30142.0910192686
0.351376049170918,0.232830004473244,0.0063259791335928,-0.138456062813316,-0.0295597190065588,-0.104969149442492,0.0259682542583544,-0.176005791580332,-0.305320294374007,-0.457834550241205,-0.695520734796339,0.345221777165388,1.39981818202634,-0.0769178585730162,0.139114109500024,-0.0685582807687346,-0.0496731852399049,-0.00510967598680317,0.0142450783536463,-0.0705458984339993,-0.0550801065460713,-0.10087933616026,-0.133539463565174,0.182152334153811,-1.16373046712441,-0.0286609577622545,0.315010795814609,0.0331045778562753,-0.067653547289001,0.089069492164006,0.0274021041308185,0.176222944421201,0.288274617597795,0.401300506763866,0.657932601023299,0.113482298446049,-0.856085227385426,0.0915599796873563,0.175191765324737,-0.129954556988635,-0.0821249983156231,0.0633129431532458,0.0298304018649708,0.163178530434935,0.253685589146682,0.320710559221422,0.290103385183156,0.133206516355654,0.30959752368368,0.0878254356039775,-0.0488147630093848,-0.173451052140618,0.0214484141966503,0.0220440963974079,0.00890247898161604,0.177582643809522,0.261641377765375,0.331056558845171,0.461383371814746,0.0735858417387218,-0.205496092078463,0.0717469960284691,-0.0875481793370907,-0.168739903202058,-0.0276036712791906,-0.0156451565558917,0.0145161129080225,0.0840386449306811,0.136957165841528,0.12626297440854,0.000900026050658407,0.128798211939597,-0.486849534749418,0.0190208076214777,-0.0716996156998831,-0.0793098624783766,-0.0630037158180387,0.106066711183565,0.0107536835058578,0.136381693027961,0.15603411790117,0.263252306653461,0.401516030430376,0.128162285485186,0.924418310557266,0.347557182517515,-0.985180496111262,-0.535999663900042,-0.324298308307584,0.0620050754830214,-0.0463358122250348,0.241391943045725,0.444951465729032,0.543221620856426,0.805264052355111,0.0643577134494965,-0.122809738501293,0.0105886429872317,-0.191330092349849,-0.234912948602653,-0.00110452200427862,0.0729151379984853,0.00174959626868422,0.150027021992267,0.295023225454726,0.432575823921995,0.56341830399173,0.275204052284955,-30142.0575288362
0.351235089519155,0.232898465337077,0.00591783598526332,-0.138587998023408,-0.0293078646498847,-0.105224360649895,0.0259737114082688,-0.176232646132401,-0.305585283343523,-0.45709928968415,-0.695178701644657,0.344708483758627,1.3995638897564,-0.0769142358509227,0.138997510269736,-0.0688262398431252,-0.0496425335882546,-0.0047472731737281,0.0142528283376676,-0.0705850668083364,-0.0550299339679991,-0.100984664173196,-0.134062480815378,0.182313168700885,-1.16401922106097,-0.0285491568102545,0.315719363785913,0.0328028038372177,-0.0671791135931808,0.0881789153139886,0.0274052067458789,0.17591488773485,0.287289085869514,0.401445052047806,0.658409682826951,0.114081758564207,-0.856554674924576,0.0915461773105235,0.175445026654685,-0.12973210355052,-0.0823736487052619,0.0637874388045338,0.0298301040266406,0.163412323712649,0.253601276872429,0.322216390873984,0.289885972237561,0.13327098298382,0.309442304242216,0.0878681721136809,-0.0489917021690116,-0.173327687911062,0.021370444744278,0.0217858873773377,0.00891287346813057,0.176234278258557,0.261275073619269,0.331124688575984,0.461324264548038,0.0740360801925066,-0.205762953428698,0.0717674559147399,-0.0871334489660849,-0.169117471728605,-0.0276276696511806,-0.0154755026113955,0.0145189282483787,0.0844096362464612,0.137469822044395,0.127265487106084,0.000886481675094673,0.12836664369466,-0.48721792007988,0.019041417824841,-0.071716242112991,-0.0795275332489283,-0.0633480534797975,0.106548370283219,0.0107510956925473,0.137778297014437,0.155060807375853,0.263263171468391,0.402111665909912,0.129083233474717,0.924242498968496,0.347651314444429,-0.985797057576866,-0.53516547341661,-0.324286203784591,0.0612586194209398,-0.0463309757123166,0.24132690454796,0.444682036900575,0.544477903123984,0.804728449946007,0.0640947040706055,-0.123041953910148,0.0106157698745408,-0.190275561054822,-0.235082345477619,-0.00112883278945387,0.073567983023969,0.00175327761352261,0.149204529763492,0.29450801548211,0.433230219590293,0.562131305786318,0.275032083187546,-30142.0563489832
0.350938935887495,0.232983434311729,0.00655009665791716,-0.138897224676196,-0.0292486178916256,-0.105269564918244,0.0259810100931331,-0.176695139346344,-0.306151940561511,-0.456510772276639,-0.695767617367384,0.344678356375609,1.39901814505671,-0.0768594807948198,0.139339562202136,-0.0686185064865374,-0.0495040381550233,-0.00471517783377733,0.0142588468156365,-0.0710298367452179,-0.0557130951173967,-0.0996140444801109,-0.134689411794695,0.182084344691144,-1.16447062789623,-0.0284672435578397,0.315287938433992,0.0321213518444925,-0.0670426700865949,0.0880423418055725,0.0274173829883998,0.175163203934964,0.286912031248153,0.401929597630003,0.658833696958097,0.114623771347507,-0.857051158581245,0.091581860445362,0.174836949687059,-0.129790037154201,-0.0824148893377551,0.0636463442045516,0.0298405268778917,0.163671396087771,0.254332496039603,0.323309852148514,0.29030396911025,0.133250150341546,0.309140224514544,0.0879378540150282,-0.0483548033578092,-0.17358498096571,0.0213191763834013,0.0218539054758432,0.00892689371136346,0.176409130048855,0.260224936406847,0.331861515117149,0.460665311796852,0.0738396313486854,-0.206160462046327,0.0718329135892449,-0.0873807925689112,-0.169297890070197,-0.0275745847192579,-0.0155268571071828,0.0145238022420033,0.0844097720972625,0.137220533510672,0.12893048385012,0.00116792405322193,0.128216658855374,-0.487753121374726,0.0191672409560571,-0.0720334676966993,-0.0794698360846655,-0.0635016274937724,0.106390562582498,0.0107449649084593,0.137199730193538,0.156717988205309,0.265168022238591,0.401778917095101,0.129380085961694,0.923824875358177,0.347690141247176,-0.985439242768463,-0.535743449293975,-0.32419416844949,0.0616613516486792,-0.0463198816102475,0.240194807481665,0.443872382610269,0.54439832406515,0.806006499987471,0.063872732685467,-0.123267494598331,0.0106820993336688,-0.190995775082514,-0.235301573563023,-0.00100626015827528,0.0740511042411264,0.00176731399436071,0.14928511761928,0.293777094072443,0.43325832771166,0.560541385529485,0.275032507049101,-30142.0555257184
0.350574765512871,0.233050751181465,0.00605676639199402,-0.138935882870728,-0.0292674751871712,-0.104958393894386,0.025986677356709,-0.177042045090031,-0.306538887898889,-0.455884561526582,-0.696470459582111,0.344876975564152,1.39855245413989,-0.0768053978005603,0.139284025960667,-0.0689450117961917,-0.0493970255383342,-0.0048279575223406,0.014269764454522,-0.0711410658628295,-0.055998875603245,-0.0990545808028079,-0.134530552817688,0.182088123777625,-1.16502414945062,-0.0283614796814874,0.315618589469923,0.0324448548559649,-0.0672868034372824,0.0883766709222113,0.0274230930004979,0.175278335328035,0.286604029614067,0.403258726170938,0.657931038654858,0.113982044897767,-0.857533527411058,0.0916470155630331,0.175698432449403,-0.130205581034991,-0.0823167141737593,0.0633382247084532,0.029850079296598,0.163227440702333,0.253676035972197,0.32437210203395,0.290694454092232,0.133079611026844,0.308710200095983,0.0880013297593838,-0.0484898653150032,-0.173769581898796,0.0213947001485686,0.0221248015422535,0.00893539849235613,0.17603271931737,0.260336294157853,0.332785287246399,0.460309388054422,0.073329534203855,-0.206511670045216,0.0719097135850814,-0.0872467204716174,-0.16938596655626,-0.0276466227282267,-0.0157682907669644,0.0145309201457914,0.0839921295057209,0.136862275600654,0.12946445927848,0.00133741858237216,0.128424653631416,-0.488126688011549,0.01928732110688,-0.0719261096890025,-0.0799710190937732,-0.0634714697718658,0.106427050685096,0.0107485984083275,0.137472273558162,0.156110503822285,0.266563641861387,0.402455000809117,0.128907421886742,0.923343934128073,0.347735254916263,-0.985063119155018,-0.536109890779972,-0.324145845061823,0.0615929744523541,-0.0463109526953016,0.240847474715706,0.444265734165228,0.546049395140763,0.804776250670779,0.0639577535514799,-0.123604981769874,0.0107886795377052,-0.190825988451584,-0.235297831189768,-0.000795655458266255,0.0738996971282313,0.00177486568804317,0.148142077246476,0.292704864877774,0.433560103700985,0.559981484071312,0.275026019599786,-30142.0541284486
0.350029298194426,0.233145374858655,0.00660401631427553,-0.139153518355738,-0.0292128426306371,-0.104873201282186,0.0259939309413745,-0.177171714631533,-0.30689741524743,-0.455186467146049,-0.696581353949994,0.344688172275338,1.39791869407841,-0.0767030861938038,0.139267708867205,-0.0691492084305811,-0.0494509750671479,-0.00488439271365207,0.0142828453228357,-0.0714326518110335,-0.0560686558376297,-0.0982675187669777,-0.134478544740804,0.182145837709265,-1.1655660221478,-0.0282527402785568,0.315479057671625,0.0322957188267819,-0.0674537421353962,0.0887848892587775,0.0274403399956043,0.175008574269233,0.286780216199493,0.403589033933688,0.657265583092796,0.113540315787082,-0.858160927512324,0.0917505570568972,0.175400522476147,-0.130051166418269,-0.0822352149824089,0.0636283162428399,0.0298620399237819,0.163052315652621,0.25300310386164,0.324562080152175,0.289699520568442,0.133137854615712,0.308011980596291,0.0881058208805759,-0.0486416127544248,-0.173655983817371,0.0215291916344695,0.0219429981909019,0.0089407563258983,0.175907825498362,0.260082378374504,0.33317080931664,0.460335941091249,0.073703019428601,-0.206944305102136,0.0720000830374492,-0.0871322517057938,-0.169646137913359,-0.0277429857935888,-0.0154409902772041,0.0145434094301546,0.0838315396810408,0.136672254777272,0.130039156370167,0.000690244393733406,0.128215686358767,-0.488467099558684,0.0194376526233878,-0.0722408006309512,-0.0801981003270925,-0.0634127163295225,0.106231283319875,0.010764092015028,0.137831041564348,0.155398642499524,0.26645635551289,0.402374652434945,0.128581080081077,0.92266943506972,0.347854877758784,-0.985593187718676,-0.535882654121853,-0.32407172851571,0.0617563196871395,-0.0463028963010384,0.240442065591186,0.443377664338223,0.546128232404528,0.804889149206758,0.063964163773568,-0.124125171759001,0.0109179693812909,-0.190317094084883,-0.235647248789165,-0.000566436829822568,0.0734214666069463,0.00178300714454593,0.147518818633164,0.292839401258913,0.434058072640313,0.560405936021304,0.274888547299053,-30142.0535874921
0.349542537553252,0.233237614345407,0.00603127884735501,-0.139239969365632,-0.0291952655612931,-0.105019682045343,0.0260053775954815,-0.177198015403614,-0.306815497229741,-0.45506148311024,-0.696525375731013,0.34461497404674,1.39722235644951,-0.0765911597119837,0.139605628361496,-0.0691263074749377,-0.0495023676554677,-0.00480299835684919,0.0142915718368635,-0.0713864533520996,-0.0562950809082323,-0.098139846160646,-0.1346159892606,0.181934456321127,-1.16618346755659,-0.0281314125544219,0.315859294639309,0.0321205346921524,-0.067371209932719,0.0886316010077659,0.0274519431506263,0.174882510681459,0.28580384689802,0.403409432457851,0.656985939822123,0.113813411746032,-0.858786695692373,0.0918546034209242,0.175523818898128,-0.130270806165057,-0.0821751959507723,0.0638394603135189,0.0298732903544004,0.162577996012175,0.252876144931555,0.324304111137941,0.289148680746459,0.13303649922176,0.307367082776059,0.0881956833939229,-0.0485313689087038,-0.174048216374398,0.0215697378504312,0.0219864798943523,0.00895021180848691,0.175786518961693,0.259837701008115,0.333549228657851,0.460391322607915,0.0737013405724453,-0.207479327422308,0.072104218507679,-0.0871494260590724,-0.169583667069854,-0.0277050459701037,-0.0154351114699474,0.014551237781025,0.0836460615612541,0.136392312896082,0.13011928495165,0.000436531890815609,0.128043618629605,-0.489020065422135,0.019546578831865,-0.0715854230427735,-0.0801771741769623,-0.063412382861204,0.106316851641027,0.0107714752629856,0.13626313933415,0.155367559903644,0.266764702391857,0.401854085095049,0.128551001992764,0.922020900428289,0.347965070171909,-0.985386774101456,-0.535986118952577,-0.324039788636302,0.0616298095527648,-0.0462917628446824,0.240277042376676,0.443551890753979,0.546350135033239,0.804420695039569,0.0639002220078911,-0.124722905619258,0.0109926373483461,-0.190849736781839,-0.235679558012587,-0.00066247855875796,0.0735605563123231,0.00179029740159427,0.148186118002109,0.292325262562834,0.434719575808287,0.560847085575738,0.274717913468031,-30142.0526390414
0.348917299757334,0.233348694257798,0.00642730781931262,-0.139153931556772,-0.0292621530062017,-0.105084017798509,0.0260150697909634,-0.177310165700264,-0.307063701132088,-0.455119881573742,-0.696551571971751,0.344542994640121,1.39653011415932,-0.0764597710744508,0.139241878988253,-0.0691623500433821,-0.04942844423515,-0.00472147105891133,0.0143028946699377,-0.0713610643137847,-0.0562866177507801,-0.0983422578555706,-0.134886207194949,0.181872751412758,-1.16700151278985,-0.028001206816078,0.315496637418396,0.0322001008809786,-0.0670616248012163,0.0884304529485973,0.0274593409929465,0.174182581320216,0.285733455860682,0.403313488659208,0.657080559863611,0.113966915860402,-0.859462595020766,0.0919898272690488,0.175660890660786,-0.13044816775059,-0.0821070769784999,0.0636313736307902,0.0298854181341999,0.162544759456502,0.252739372326802,0.324415636683557,0.289305153900694,0.132820438815009,0.306738461202787,0.0883174794210153,-0.048381953646811,-0.174005964513157,0.0214952228288257,0.0220666152900122,0.00896355112736631,0.175822550728427,0.259948188741676,0.333498314628597,0.460102184622614,0.0733037726545116,-0.208136177972502,0.0722241586654042,-0.087145370885724,-0.169646802434145,-0.0275094029553425,-0.0156607556053429,0.0145590890884832,0.0835710539969075,0.136143543467788,0.129768518882676,0.00056132032615168,0.128165260374324,-0.489644145228888,0.0196308669387831,-0.0722927454810466,-0.0802182601380719,-0.0634154140209736,0.106502579632255,0.0107825080567723,0.137009591261959,0.154954886783983,0.266430389415511,0.401440020467223,0.128803948232693,0.921328360571031,0.348073626975988,-0.984925966781174,-0.53629782382914,-0.324053789699684,0.061715740575065,-0.0462777580609279,0.240215650760049,0.443505473864641,0.546454772527045,0.804330019723382,0.0637276595364946,-0.12540059234655,0.011071174003454,-0.190759343238626,-0.235625864249691,-0.000969621059872092,0.0739427493267977,0.00179914099227226,0.148508368154218,0.293103817560081,0.435046870070415,0.560410532889949,0.274695425816836,-30142.0517351976
0.348289877720512,0.233450914558572,0.00626792952171876,-0.139247404142485,-0.0292441291765125,-0.1049115099926,0.0260254577757649,-0.177222410592915,-0.306934063792289,-0.455316633354481,-0.696798814562498,0.344523136507517,1.39587285699825,-0.0763322904019232,0.13950142805282,-0.069206163180808,-0.049351867525832,-0.00477663821498475,0.0143126754444261,-0.0715957224895906,-0.0565666314782299,-0.0985925547452091,-0.135170940502114,0.181878881101801,-1.16777156282491,-0.0278941293225114,0.315508679803675,0.0321508461752655,-0.0670097887933092,0.0885322532537277,0.0274677193458055,0.17510121511646,0.286022671668897,0.403139246233336,0.657167908362455,0.113600690555927,-0.860215298535395,0.0921108925442049,0.175577813804673,-0.130152546458158,-0.0822022561076245,0.0634412426346421,0.0298940412863967,0.162856227648905,0.252818331634322,0.324404394160025,0.289826386875964,0.132815937535062,0.306137759415017,0.0884412355120559,-0.0485669033803391,-0.173789897631079,0.0214259488313665,0.0220660280828554,0.00897661028742858,0.175804769968911,0.259781537840529,0.333044006631512,0.45988509706836,0.0732390276085859,-0.208808168203175,0.0723273001541566,-0.0873160681551554,-0.169705044343178,-0.0274454697050422,-0.0155763657198738,0.0145680986118896,0.0835530601813461,0.1362508356189,0.129868963594722,0.000365710135594409,0.12815826984306,-0.490368012648712,0.0197315604709132,-0.0714229068141951,-0.0802274818627021,-0.0633765797877469,0.106493551713502,0.0107880060133849,0.136937203559244,0.155297879096774,0.266400570006163,0.401393348712195,0.128634235380825,0.920673606212848,0.348202806944024,-0.985229792720216,-0.536111786158504,-0.324098107710146,0.0617032152338787,-0.0462662463868235,0.240420446166202,0.44343134888675,0.546026410830698,0.804394723864783,0.0636317464039179,-0.126036228523885,0.0111930183401261,-0.190321793318082,-0.235595472216736,-0.000990754096610462,0.0738685334804381,0.00180966123955401,0.148277073208826,0.293037150355645,0.434523676121559,0.560085392847087,0.274857452908248,-30142.0509502836
0.347608015344093,0.233563594676017,0.00636436279756732,-0.139168330857215,-0.0292088811342164,-0.104936451563536,0.0260331947782454,-0.177255019196477,-0.307008314659377,-0.455610217044318,-0.697046872233158,0.344465560265446,1.39521958284115,-0.0762250672800003,0.139422126114722,-0.069155126011501,-0.0493561836317527,-0.00474833869013379,0.0143221877123965,-0.0715471451602975,-0.0565584851193945,-0.0990087584176416,-0.135290998066498,0.181808649641279,-1.16848018128559,-0.0277974872081893,0.315788102074406,0.0321178062619329,-0.067228067600356,0.0885800326761349,0.0274784440745166,0.175064812502994,0.286288446831016,0.403406774053098,0.657126468023532,0.113610274438716,-0.860967494443334,0.0921991791119934,0.175525504221371,-0.130321907950092,-0.0822799921881845,0.0635780574083265,0.029902525956971,0.163072390862103,0.253279273818255,0.324517366054984,0.289771381531002,0.132882742606772,0.305447633563927,0.0885469904540963,-0.048351512119087,-0.173954836339295,0.0214588338765535,0.0220788664998274,0.00898510341453476,0.175623304793191,0.259690697180265,0.332856257477174,0.459728776172235,0.073349760287855,-0.20944386997272,0.0724307658209786,-0.0870869739161945,-0.169651845390543,-0.0275988447848693,-0.0154870928313854,0.0145786328396065,0.083782102504013,0.136320094584503,0.129488005241927,0.000265038568395135,0.12794460393057,-0.491006767316548,0.0198333644995478,-0.0721526095156459,-0.0801676513760016,-0.0633467021785852,0.106428814377003,0.0107986617803943,0.137081960224847,0.155442981449308,0.266337850056825,0.401647451642661,0.128498165364385,0.91997975205439,0.348313902989666,-0.98533323857378,-0.536011514178208,-0.324113653200038,0.0616565530422383,-0.046257812441232,0.240339634052439,0.443398896721295,0.545885953431522,0.804242390929354,0.0636660475554883,-0.126650229898592,0.0113243026385316,-0.190831878495549,-0.235593321796772,-0.000746513553469362,0.0736961676665106,0.00182138568082036,0.148013200006538,0.292339985763982,0.434088582551651,0.56003745463616,0.274750309090213,-30142.0500783847
0.337461958014511,0.235103082830513,0.0060571755791239,-0.139352171913397,-0.0285056172270844,-0.104842830331308,0.0261548069013612,-0.177451069485151,-0.307715635794579,-0.457056399546144,-0.697073699044929,0.344597400954075,1.38519724346209,-0.0748541313255645,0.139296047037366,-0.0690429789784232,-0.0488681994016714,-0.00433246089143407,0.0144434053816407,-0.0712859887733562,-0.0565444720792913,-0.0997415919998144,-0.135462497941399,0.181904420318634,-1.17927844721002,-0.0261186695353236,0.315281946208112,0.0322740371420809,-0.0671149737569601,0.0886329644299927,0.0276086318884602,0.174601806658875,0.285896066106455,0.402136029319336,0.657302489956981,0.114367671734456,-0.872034048786987,0.0937180408267006,0.175898850061785,-0.130224806873948,-0.0814503997340357,0.0642541944006346,0.0300324734751232,0.163029813220153,0.252605549048685,0.322870873002483,0.288673040636796,0.133141417167741,0.295246186641221,0.0900220986686249,-0.048821593298145,-0.17398950037724,0.0222894638879049,0.0223373434285766,0.00909640092016846,0.17609156718034,0.259598935793706,0.331686126181947,0.459614766760611,0.0735810682373757,-0.219557492844651,0.0739812651388529,-0.0875296539556856,-0.169594713025727,-0.0270787649839713,-0.0152773440787879,0.0147044903830474,0.0830075606752582,0.135390128119406,0.12790527792041,-0.00053371854721328,0.128339811103976,-0.501094931625841,0.0214116209807569,-0.0713127083667985,-0.0803608898685083,-0.0631787999815168,0.106224327323258,0.0109196890851936,0.13730961185341,0.15493933291042,0.265454736521621,0.402251612117269,0.128669334214145,0.91016374396133,0.349740122340295,-0.984895774680706,-0.53655884949464,-0.323295287005932,0.0622474387806805,-0.0461488588718166,0.240212558054552,0.443112767812473,0.544646734305442,0.803546471661649,0.0640090328557037,-0.136781033960271,0.0128728434378638,-0.1901170606426,-0.235927521499083,0.00074770052206678,0.0745516281325909,0.00194782971793623,0.146731850603549,0.290789515688351,0.430640841873173,0.556993612873048,0.274090911337285,-30142.0417950916
0.326897576307268,0.236446434100777,0.00640646076914946,-0.139484352814288,-0.0284911100820416,-0.103458249487257,0.0262869502196585,-0.177339195979754,-0.30810502250915,-0.455567650848184,-0.698254959018755,0.345481411543908,1.37525166950663,-0.0735400018872387,0.139677369724065,-0.0696352200690452,-0.0485784259244323,-0.00366227302592584,0.0145621442791907,-0.0710847780793711,-0.0571448753852776,-0.0981029693154237,-0.13546759389351,0.183057508854463,-1.18951658627953,-0.0249747631089854,0.31596337121184,0.0317188385943843,-0.0655368310300496,0.0900329121020058,0.0277527297779517,0.17441381979006,0.283590058455633,0.401774411614592,0.654283605357063,0.114281582012668,-0.881972454805771,0.0952090221686165,0.175239010570752,-0.130505847043352,-0.0811839535593927,0.0648900955971409,0.030167341817726,0.162417972800697,0.250993403843809,0.323540681859169,0.28761845329978,0.13364457329199,0.285261602165999,0.0913135535153969,-0.0484688462459302,-0.17431566376986,0.0225892544314385,0.0232270749209142,0.00922128837501259,0.175953093898874,0.258687395973783,0.333196220710988,0.458996438803998,0.0744870520584264,-0.230808905607027,0.0752342161688283,-0.0869085834459439,-0.170212855123744,-0.0264796005664677,-0.0139961532347926,0.0148302448211299,0.0845174365141007,0.136065091324083,0.130322612071281,-0.000403663463656501,0.129086846980829,-0.512293458532882,0.022805733016071,-0.0731478808185802,-0.0807196436625246,-0.0622597016969592,0.108477416130744,0.0110573939637265,0.13625153614599,0.15370069690005,0.265773738483958,0.398921509709522,0.130336277871611,0.900782690492729,0.350923338154483,-0.985360483648012,-0.536229425604668,-0.323056252179916,0.0625683316744769,-0.0460243721807514,0.240132117449626,0.442192027892644,0.546034106965556,0.803468987891529,0.0647994975415668,-0.147109212073438,0.0140993653230274,-0.191362809522147,-0.235520440659799,-0.000986966057525368,0.0746603860291565,0.00207075151267146,0.148725297271109,0.292282493551196,0.435864457846346,0.560851989865768,0.276825048028792,-30142.0362161501
0.325180464795137,0.236521952414511,0.00680208474182568,-0.139427249962036,-0.0284419795078232,-0.103955027008958,0.0263162403318286,-0.176023871924851,-0.307259818017424,-0.455010596321913,-0.700158212967479,0.345537682419059,1.37343378407465,-0.0731040954459581,0.139353539243528,-0.0693884463820492,-0.0488149667476745,-0.00378969725089515,0.01459915133815,-0.0709447740975836,-0.0575181620488876,-0.099432294345888,-0.138378828133075,0.182878395807156,-1.19151956983632,-0.0248270927005055,0.316638577839318,0.0322003701297142,-0.0660708410852226,0.0897624675838758,0.0277631307924967,0.175181743780638,0.286309717058597,0.403783927033319,0.654075243195675,0.114619570498765,-0.883369202825081,0.0952852417060687,0.175902874171572,-0.131085626442332,-0.0816205765274574,0.0646500666516619,0.0301900514624127,0.163478920548569,0.252802275762983,0.324487649104238,0.286866866509835,0.134106552368584,0.28359569446158,0.0915146674926268,-0.0479656877383919,-0.174054316261676,0.0215360051011335,0.0231412176107293,0.00927933837720072,0.176010306649467,0.259251747597921,0.333100802566846,0.457004448372915,0.0743455625783331,-0.232262464353498,0.075486507367872,-0.0863559021909776,-0.169452459922211,-0.0273297829545348,-0.0150056585314702,0.0148688779744349,0.0852581350908337,0.135747288065285,0.130201462440931,-0.00144058484018967,0.129352529048626,-0.513858253809529,0.022896570674443,-0.0696650631472678,-0.0798472486896007,-0.0626433758491365,0.107323012940209,0.0110904455377531,0.138885441536445,0.155060774660709,0.265612602642868,0.397755009075656,0.128620564561529,0.898386061472753,0.351305995863631,-0.985690131291929,-0.536100234158729,-0.323708233273301,0.0628188756747332,-0.0459783490344142,0.241663563350623,0.443100849358416,0.545883275704467,0.801947735259113,0.0643044464961,-0.149247910944738,0.0142105175456016,-0.189647680826351,-0.236484622204971,-0.000428729913815663,0.0744867210704424,0.00208145025170659,0.151912974633859,0.295348629685002,0.437350568742776,0.560824648226121,0.275158919523316,-30142.0361859673
0.324770119209763,0.236570804813,0.00730367537911391,-0.139139085949277,-0.0286218963893849,-0.104317127830184,0.0263297383114543,-0.175593089427522,-0.306779446813291,-0.456032028898387,-0.699105100253016,0.345451299705501,1.3726745083269,-0.0730057729865871,0.140092041562854,-0.0692659187328773,-0.0489509336042129,-0.00369499952439976,0.0146147258611359,-0.070388639147548,-0.0566533941489669,-0.0993219648540393,-0.139013064390997,0.182430968951625,-1.19178366224354,-0.0247055093558648,0.315766631228055,0.0322008137964256,-0.0669646263232977,0.0893986967290472,0.0277763053991791,0.178059512782743,0.286594377273925,0.403451841340963,0.654882794261478,0.114963223601778,-0.88400461681136,0.0952995540759296,0.177012338137494,-0.129861656376741,-0.0819472485734225,0.0643551819319163,0.0301945526291202,0.164617442244735,0.253652926771159,0.324460841175351,0.286568844750676,0.133859972859459,0.282804421854449,0.0916277531722436,-0.0470980633988886,-0.173783636342452,0.0215981077629864,0.0229280019644341,0.00928805973686988,0.177485665273695,0.260076959730879,0.332654174646543,0.45663112977124,0.0738782500990941,-0.232579435621649,0.0755646221249671,-0.0866301361864602,-0.169688621520594,-0.0272834717409875,-0.0144767521808866,0.0148846625622784,0.0846533499890126,0.137053924261557,0.129635501513352,-0.00271529791734409,0.128918113807715,-0.514076674503607,0.0228684380984289,-0.0718592889510036,-0.0803835978103021,-0.0627847557887885,0.106966540372456,0.011114218890525,0.137638888357097,0.155128646651525,0.267125638713979,0.400180898230909,0.129158729606163,0.897320236166346,0.351428539506724,-0.98359587629108,-0.536238272884683,-0.323971797852606,0.0626787730178533,-0.0459618137427003,0.241995371907878,0.443828994974843,0.546229370459786,0.800809257455272,0.0644364447334858,-0.149656673623005,0.0143688279212012,-0.189827488073344,-0.235459000779229,-0.000318046764650941,0.0744744500378483,0.00210607165513593,0.150760294438356,0.293699859165639,0.435297592650749,0.558116134673705,0.274966115676374,-30142.0346981499
0.324443020272769,0.236650778180385,0.0072762908390406,-0.138861655807386,-0.029161607020053,-0.104029057319854,0.0263444667626241,-0.175952911996129,-0.306410930212736,-0.455807495260976,-0.699069317773011,0.344904885383456,1.37178393715197,-0.0730740553249855,0.140621039438388,-0.0691057255270442,-0.0491598844855871,-0.00383690907846368,0.0146263717936315,-0.0697693028893171,-0.0555311410284211,-0.0991882193478827,-0.136997086629442,0.182284068159392,-1.19210282605235,-0.0245170536618309,0.317374540131333,0.0323602281475775,-0.0674905726433139,0.0890814399057116,0.0277905979561799,0.175801057087517,0.287041835350271,0.402986078449558,0.65611846301974,0.114030188740371,-0.884457586386708,0.0952930767343629,0.176019802872355,-0.129992113283186,-0.0818011425465317,0.0645590396601182,0.0302133400741743,0.165092612994511,0.253128197325097,0.323604716475262,0.287937239186332,0.133164076510418,0.2817929266434,0.0917086948225002,-0.04781274471813,-0.17381454372423,0.0221303248634387,0.0229659162578291,0.00928321707294044,0.17756597175362,0.260456581703532,0.33260986790015,0.458091804172447,0.0736664217222525,-0.23304772948017,0.0756600808182819,-0.0856912415262853,-0.169579108003644,-0.0269917879106226,-0.0145174039592293,0.014889232955452,0.0853803768336676,0.136067991051065,0.128397122501186,-0.00281348025484248,0.12799744613466,-0.514689605657867,0.0229095100361988,-0.0703945646735373,-0.0799270575900702,-0.0633970619993308,0.107183389365109,0.0111054569180093,0.139352267849294,0.156549646264655,0.265421608518806,0.399471940268989,0.129936196363166,0.89642528808636,0.351525330590318,-0.983973084494151,-0.536060857516936,-0.323836790453338,0.0625415731201593,-0.0459463649127692,0.241338145780404,0.443825877547105,0.54505870272397,0.801965329695736,0.0642455223884677,-0.149853019122695,0.0145218205014787,-0.189938518053061,-0.235049977649692,-0.00060519828318355,0.0748269716370804,0.00214439317663541,0.147575112775072,0.291672370125394,0.431433436123606,0.555963125521264,0.276028980995525,-30142.0341500986
0.32422569966273,0.236693368243736,0.00758389270782506,-0.138982144617014,-0.0291184849727511,-0.103881478954081,0.026343646442777,-0.175832054595209,-0.306571278520227,-0.456320080523931,-0.698584401750205,0.34478858138024,1.37165281287247,-0.0730988722645488,0.140264518203558,-0.068901887066637,-0.0492440586873684,-0.00392602977563611,0.0146322504630413,-0.0698995124937026,-0.0559317494956941,-0.0992745014301039,-0.13626781362439,0.182374339013,-1.19225126030607,-0.0245225790077606,0.316381023799749,0.0322248914941761,-0.067001581116294,0.0894145290003448,0.0277943614093682,0.176499319944228,0.286575050979516,0.402987412021951,0.655644635646084,0.113796921066652,-0.884596718058369,0.0953320682585235,0.176990469564405,-0.130226040067069,-0.0818601261891466,0.0644957835177358,0.0302189454403654,0.163503184455847,0.25395320424489,0.323813744611749,0.287593430997047,0.133153275421397,0.281667657744458,0.0917095663990046,-0.0476280543863277,-0.173783626098795,0.0219303001528563,0.022954924254298,0.00928838865823126,0.1771804061625,0.260360046756861,0.332096652649473,0.458389096001017,0.0740188745952003,-0.233239169721934,0.0756451941181983,-0.0866291771011124,-0.169341352074453,-0.0271409839870821,-0.0145463144923385,0.0148919716395212,0.084455660092864,0.136445944331832,0.128294725057149,-0.00151608520203328,0.12843539131164,-0.514836646923625,0.0229718752845416,-0.0707427124894542,-0.079752138306505,-0.0632177029987,0.107740366172821,0.0111044828320031,0.138331461608392,0.155839154510773,0.266198148640288,0.399783057162531,0.129142714077429,0.896258981871797,0.351515746863545,-0.98483492850311,-0.535804901822671,-0.323723587915356,0.0625791309960228,-0.0459447581253041,0.241734230958033,0.443601331617284,0.544847799519046,0.802568925627603,0.064103786908323,-0.150087693685342,0.0145255591039634,-0.189173879116092,-0.235634173986755,-0.000440372526989097,0.0750968189304474,0.00214316229028448,0.148552269167818,0.291470460507317,0.432272619978822,0.556509970284062,0.275253327770262,-30142.0332555722
0.32393116360873,0.236748343589139,0.00706654668543459,-0.139054383746779,-0.0288936888081544,-0.103915130393,0.0263446624780147,-0.176185795426259,-0.306730052725413,-0.456287195213883,-0.698175203875435,0.344899343602272,1.37146918798531,-0.0731044172931249,0.140508773121264,-0.0688316957912531,-0.0491860658368651,-0.00372819505693361,0.014637579082575,-0.0705005705029746,-0.0560801656994011,-0.0993035744879344,-0.136168032480975,0.182201494107108,-1.19262771530313,-0.0245489356250659,0.316466044496816,0.032309410798431,-0.066703691884547,0.0898236028383242,0.0277942861052613,0.175908328869368,0.286442484893251,0.402103005206163,0.655424796657802,0.114104881759092,-0.884871021829554,0.0953833156373801,0.176773149521317,-0.129959416604837,-0.0820372798301182,0.0647332117904665,0.0302234383685933,0.164089039609744,0.252635023903683,0.323133172097974,0.288361474658152,0.133296831167084,0.28159684149041,0.0917185739434959,-0.0473037909091094,-0.173702874047653,0.0216277135668658,0.0231630382653,0.00929970860395653,0.176613014671366,0.259860855362814,0.332408648355698,0.458598127026565,0.0739141972228515,-0.2334752576706,0.0756326099404808,-0.0860263867046135,-0.169529618515973,-0.0273483629298224,-0.0145216628878964,0.0148965711685996,0.0846300660860283,0.136392193591145,0.128822892691905,-0.000860282496967016,0.128703426113332,-0.514809163257358,0.0230559701401037,-0.0713546654627244,-0.0801447939479612,-0.0630078325371201,0.107578067878733,0.0111180929442029,0.138230597642349,0.155647320097432,0.265334289357189,0.40025397359146,0.12866177281,0.896053109170846,0.351469456032939,-0.984087481584622,-0.535964378064678,-0.32373808757826,0.0628053344731946,-0.0459410777046685,0.24136763915658,0.44375552387843,0.545423703132012,0.803007257540701,0.0640370238999988,-0.150528716128253,0.0145334749833916,-0.189953892326784,-0.23537190749451,-0.000252630892956162,0.0750603137239728,0.00213616855620728,0.14901292379914,0.29268745888025,0.433088268587775,0.55832813321016,0.274517947272195,-30142.0326999015
0.323803801121196,0.236757109035335,0.00715900749747601,-0.139006665471706,-0.0288953292870814,-0.103903693768847,0.026346753267364,-0.176385281987046,-0.307005175241787,-0.456340462003173,-0.698014608854614,0.344921533519389,1.37137988349788,-0.0730942603328445,0.140411894608167,-0.0689921260882521,-0.0490877089775408,-0.00359605027506498,0.0146392262957005,-0.0703549559830441,-0.0562421066114904,-0.0994700311507261,-0.136347596357975,0.182190230013671,-1.19269938248397,-0.0245505733067959,0.316663175921222,0.0324061808798283,-0.0668571136997391,0.0897543554077526,0.0277990140777792,0.175738605629911,0.285811306398147,0.402220985004595,0.655471416610855,0.114278081446351,-0.885062341030204,0.0953969354209122,0.176270338974201,-0.130022662830637,-0.0819031516988502,0.0647750248211579,0.0302227150211405,0.163755700241569,0.253381365038671,0.323803757888573,0.288134985147638,0.13325477222021,0.281554207261845,0.0917302104313336,-0.0476105910441167,-0.17372571593448,0.0216800605799488,0.0232186476763606,0.00930345500918742,0.176997892279608,0.26012722643137,0.332176351270109,0.458694862534014,0.0735816106278466,-0.233589618195724,0.0756391268421382,-0.0861616381208134,-0.16945354246739,-0.0273398165406069,-0.0143651646724664,0.0148982707632124,0.0847998296584255,0.136550438434064,0.128982775127818,-0.000837747847197346,0.128371301436425,-0.514939896892504,0.0230824696926598,-0.0708214193160019,-0.0800417810507468,-0.0630850201260116,0.107382625768459,0.0111186274836403,0.137751676527899,0.155199664875566,0.265462009225941,0.400355619337173,0.128831900955268,0.8959945404951,0.351463361276256,-0.983966680071594,-0.535944349381316,-0.32382651912046,0.0628458670992125,-0.045937963783124,0.241459413810743,0.443702595363923,0.545284005212649,0.803077487388503,0.0640926440236883,-0.150679738062081,0.0145235452926341,-0.189756647200289,-0.235408781453462,-0.000414831216908991,0.0748246913972601,0.00213687624834286,0.14902210533513,0.292840898564964,0.433380788487279,0.558860778836382,0.275060212025846,-30142.0324491564
0.323610944136398,0.236756861171551,0.00719300656931179,-0.139092029832286,-0.0289170386349064,-0.103861192347301,0.0263531484990882,-0.176323290288902,-0.306990264574113,-0.456327967274485,-0.698314381738738,0.344867621964226,1.37117886334556,-0.0730527974523177,0.1401668522363,-0.0689145959061568,-0.0490170432958308,-0.00360931102614177,0.0146406704040181,-0.0705762244253739,-0.0564152130440586,-0.0995280764862732,-0.136594068204177,0.182174797934277,-1.1928187809821,-0.0245514571491026,0.316423158630505,0.0323668638071875,-0.0670070555816718,0.0896363793275684,0.0278074685878862,0.175593401231307,0.286238401792676,0.402414130928936,0.655720495346498,0.114130276003455,-0.885369586840814,0.0954297869282554,0.176754551782563,-0.130186709092747,-0.0818255946284802,0.0647465924594477,0.030222938739261,0.164084753221734,0.253122036315496,0.323438088082055,0.288346091784161,0.133232514344809,0.281294659999457,0.0917430464646741,-0.0475603132623758,-0.17373158503338,0.0218154433085358,0.0231425776067179,0.00930283829382561,0.176684595585532,0.259983867831564,0.332541335840542,0.458620599727767,0.0735112184375156,-0.233793893231434,0.075653201493361,-0.0864001867669006,-0.169399413249359,-0.0273227582579676,-0.0143937383308902,0.0149024106036518,0.0847006190851716,0.13656665748317,0.129023244106082,-0.000939269755330537,0.128268273407739,-0.515206589648906,0.0230774890827748,-0.0710601123003896,-0.0799997744833711,-0.0631828939409891,0.107481032797208,0.0111207840518426,0.138007267683539,0.155266230744109,0.265549307821908,0.400453083600692,0.129021597557355,0.89585435700432,0.351468762996427,-0.98445059663926,-0.535878758890804,-0.323871868261622,0.0628184542428634,-0.0459321982376225,0.241388821057542,0.443694284954616,0.545343823675373,0.803014161313478,0.0640133710905139,-0.150920786263379,0.0145078733839208,-0.189542636354423,-0.235528211272171,-0.000593676023595661,0.0747605024754101,0.00214024018873562,0.149259292909181,0.292723842594705,0.433742250857231,0.559221835294824,0.275337049175222,-30142.032369168
0.323332121124379,0.236768177446012,0.00718227452974296,-0.1389839008384,-0.0289033124799775,-0.10384881209675,0.0263580430757457,-0.176304529791497,-0.306960942368104,-0.456242295667503,-0.698330587296809,0.344800762789167,1.37096371596199,-0.0730071535301433,0.140269508997069,-0.0689798498338284,-0.0490479997229828,-0.00367731612742518,0.0146447091243605,-0.0705730186374702,-0.0564159843279505,-0.0995075959623658,-0.136565886754571,0.182199860380849,-1.19309782527709,-0.0245306577493256,0.316599060447506,0.0323797996935609,-0.0669754600007615,0.0895805227729159,0.0278098882928312,0.17598713186196,0.286232751429277,0.402670270654479,0.655917566530232,0.113931288859869,-0.885586533584504,0.0954655636726981,0.176395469025616,-0.130129755164451,-0.0818319542806309,0.0646664404462968,0.0302302524309786,0.163906984495776,0.252968573890573,0.323794841811559,0.288127825885923,0.13327426471066,0.281048368793628,0.0917586209757098,-0.0475864120007731,-0.173782924974393,0.0218812505183007,0.0231092056777952,0.00930569965169344,0.176875148063634,0.259857148832913,0.332221340223208,0.458604194507248,0.0738463071995821,-0.234037623815702,0.0756806973596695,-0.0862188030784763,-0.169461608077079,-0.0272785816419641,-0.0145053056822644,0.0149072996062908,0.0845895434474386,0.13630475775548,0.128922246868482,-0.000995071609205694,0.128493727104279,-0.515517658051314,0.0230780890899365,-0.0710475768931244,-0.080052906820643,-0.0631525522727917,0.107555754881019,0.0111234447966443,0.138210384315248,0.15568071581615,0.265945983482653,0.400340313427105,0.128995972861302,0.895633304419257,0.35149246119245,-0.984229484782152,-0.535899424120882,-0.323798788340491,0.0627580418981642,-0.0459284771079221,0.241342912906905,0.443553990015585,0.545466779088581,0.802949329026758,0.0640062489445247,-0.151145694034337,0.0145302364093874,-0.18978288008263,-0.235430962543213,-0.000529165164663877,0.0748854374503127,0.00214567018685152,0.149349652620757,0.293131428909434,0.433891514347927,0.558938290553088,0.27491833852641,-30142.0321709161
0.323052034215086,0.236790673898512,0.0072465086159959,-0.138982351514465,-0.0288583180746072,-0.103895207094141,0.0263614551097431,-0.176245773993977,-0.306936837093322,-0.456122287698345,-0.698240534392544,0.344884111142353,1.37073345846716,-0.0729806198647417,0.140336486502607,-0.0690071166331628,-0.04909573296043,-0.00370715238155923,0.0146490798387822,-0.0703546192325186,-0.0563317847579309,-0.0992621411510668,-0.136426980637223,0.182186690374407,-1.19343947621651,-0.0245118468623061,0.316616479399081,0.0323652463129113,-0.0668114427478506,0.0896079520677935,0.0278100981090566,0.175977384641635,0.286282104331058,0.402760822606149,0.655818436524927,0.114127015604826,-0.885783164923976,0.0954981858618641,0.176454673752977,-0.130010828829493,-0.0819000142407143,0.0647040582870062,0.0302370888207045,0.163718780568659,0.253223140940379,0.323424449954353,0.288070674229425,0.133160743484871,0.280859384747311,0.0917810310075836,-0.0476172580881247,-0.173716566814188,0.0218417919102152,0.0231382791299721,0.00931140943333421,0.176775108813907,0.25997189389882,0.33254362286048,0.458441693570228,0.0737447773372181,-0.234293581050778,0.0757105480396458,-0.0862314163662432,-0.169440332008756,-0.0271978549024121,-0.0144840622969945,0.0149110532600445,0.0847190554165739,0.136342799988514,0.128965399129223,-0.00111991385526322,0.128410290813473,-0.515751675879459,0.0231055766055758,-0.0710433997676738,-0.0799684662164062,-0.0630618355675119,0.107465537733676,0.0111287168860609,0.138230445321437,0.155475444335957,0.265789051022768,0.400377812054489,0.12895156290407,0.895386134315707,0.35151596956716,-0.984180860928894,-0.535900465632007,-0.323705919500478,0.0626969559688072,-0.0459252724325884,0.241436304396164,0.443566922047273,0.545253077267845,0.802911692989609,0.0640966719805119,-0.151370322256669,0.0145680445663009,-0.189724457771318,-0.235373291419199,-0.000436896816419286,0.0748494957403161,0.0021508450689502,0.149335400329692,0.292639544432167,0.433656550413312,0.558616787686997,0.275022849365654,-30142.0320566543
0.322747485184929,0.236823914034826,0.00726079984209079,-0.138974656971148,-0.0288480953964319,-0.103946484668576,0.0263660157114629,-0.17616584018825,-0.306894360788781,-0.456095631475094,-0.698264893859762,0.344899841437581,1.370420373421,-0.0729599451770845,0.14033409795387,-0.0689244003659033,-0.0490847622922756,-0.00373031550720619,0.0146533134358284,-0.070339605155852,-0.0562034111566151,-0.0992396634822281,-0.13635432154081,0.182181426534872,-1.193744045794,-0.0244831913743806,0.316562300073067,0.0323983660958215,-0.0667452335800096,0.0896231144758759,0.0278150511877918,0.175991923466088,0.286260601819902,0.402596228951485,0.655656740978163,0.114203786391188,-0.886105355465916,0.0955176125118231,0.176641894783344,-0.130109257970861,-0.0818585613630788,0.0646958649181832,0.0302416043150568,0.163961809378001,0.252856498672824,0.323860703922597,0.287938847517932,0.133168621193689,0.280597839615854,0.0918074452430156,-0.0474382641223659,-0.17369324991108,0.0217995627700059,0.0231149380742705,0.00931681389367772,0.176948700352048,0.259960595270081,0.332390760364872,0.458579388425579,0.0736351937844382,-0.234615645788134,0.0757361625961235,-0.0862183926258691,-0.169404620356253,-0.0271852971712927,-0.0144348501438537,0.0149151669689184,0.0847761047202878,0.136464699461331,0.129033552408784,-0.001062823183333,0.128322572500206,-0.516033361006046,0.0231339063969849,-0.070910057450689,-0.0799675658293539,-0.062994670225046,0.10741842638018,0.0111350570794724,0.137956501512438,0.15541049108361,0.265746751840479,0.400190419290166,0.128939678847802,0.895098964071079,0.351540102706651,-0.984289002251005,-0.535847117823831,-0.323686178373371,0.0627284812732137,-0.0459210871141696,0.24141527429581,0.443557424582901,0.545444977686141,0.802873261485962,0.06404345516114,-0.151668370872024,0.0145988406109928,-0.189679891244162,-0.235419082545973,-0.000377407225765558,0.0748267146325068,0.00215593559166221,0.148901506752425,0.292638593963443,0.433462376210969,0.558537596959355,0.275220690930226,-30142.0319377654
0.322462134788142,0.236858940541303,0.00730377773616308,-0.138959906317334,-0.0288553932081181,-0.10392720462069,0.0263706215735098,-0.176175836396598,-0.306895594017659,-0.456114143062789,-0.698272388482335,0.34485354350156,1.37011490672705,-0.0729474036387238,0.140393658931228,-0.0689151304867907,-0.0490259157416365,-0.00372556167687299,0.0146579802871543,-0.0703769080765412,-0.0562618069593577,-0.0992510404830055,-0.136461784025017,0.182224829136998,-1.1939693864384,-0.0244468165143857,0.316712040490706,0.0324191263269332,-0.066812971367474,0.089623062357358,0.0278226790720514,0.175923853228367,0.286052696609011,0.402563506700021,0.655569443015361,0.114044643639475,-0.886480392673749,0.0955322461240691,0.176568068002561,-0.130044231885722,-0.0817647210978041,0.0646571458569987,0.0302436100940402,0.163993052333543,0.25315043901113,0.323678683616056,0.288181152423249,0.133297112072761,0.280296197090426,0.0918330140270605,-0.0474317342303195,-0.173707824609143,0.0218262666156035,0.0230754659312944,0.00932090753051215,0.17692632458826,0.260002172401309,0.332469983438385,0.458638003046121,0.0736799717159461,-0.234922603085413,0.0757595921852297,-0.0861229146459838,-0.169395033102743,-0.0272166259669161,-0.0144983586937315,0.0149199941831555,0.0847914873653944,0.136429039445707,0.129115781924214,-0.000979304624566129,0.128410232116279,-0.51633322914868,0.0231588224090934,-0.070877692787502,-0.0799568050258417,-0.0629989183267648,0.107493228539569,0.0111402151386646,0.13807595928541,0.155281795687954,0.265639705125348,0.400076225262217,0.128947837989827,0.894812030634063,0.351565376449206,-0.984084483448057,-0.535836849459896,-0.323729697859026,0.0627695065579306,-0.0459176876547404,0.241459083000054,0.443643988687904,0.545527233647093,0.802880943009831,0.0640020455943602,-0.151970104022221,0.014628407176546,-0.189602170031687,-0.235381168111507,-0.000376628999779592,0.0748448938079015,0.00215983945126123,0.149171589173912,0.292648990365349,0.433569867942762,0.558566047005984,0.275050653521348,-30142.031790696
0.322165923303204,0.236882546403789,0.00733847241811427,-0.138961994515514,-0.0288297371353458,-0.103905449579174,0.0263748001177347,-0.176218789924645,-0.306960631823954,-0.456163303495642,-0.698287819687288,0.3448662460289,1.36983322960574,-0.0729293971782755,0.140490783431901,-0.0689165320940119,-0.0490022417059504,-0.00368785013775432,0.0146628136588387,-0.070324277301298,-0.0563802873464152,-0.0993967415124506,-0.136479070295487,0.182184265711129,-1.19428146095198,-0.0244220918351999,0.316677550580889,0.0324340833221623,-0.0668363791713201,0.0896152515887882,0.0278268684363009,0.175817852858781,0.286324949899311,0.402513524488323,0.655677171584474,0.114073530623493,-0.886774171164813,0.0955543788034312,0.176667829071515,-0.130001940502856,-0.0818000858035162,0.0646774814400866,0.0302488145516568,0.16399094753549,0.253132783808314,0.323830494510226,0.288157659480444,0.133207296362569,0.279968601908513,0.0918566135195006,-0.0474759530546371,-0.173662225021383,0.0218791266603508,0.0231148184934796,0.009323813480327,0.176889310864053,0.2599636693021,0.332543400606399,0.458510668167023,0.0737361976346583,-0.235217121280379,0.0757819752171436,-0.0861064055768002,-0.169402871610663,-0.0272148456207677,-0.0144974355792414,0.0149250776960423,0.0847619956822669,0.136463368648607,0.128999021592225,-0.000980524504710669,0.128433316411652,-0.516662305690809,0.0231867087926468,-0.0708797259215598,-0.0799428164649362,-0.0630098495658909,0.107483132977063,0.011143279674185,0.13806390497604,0.155549018266317,0.265730086562243,0.400195105724538,0.128939208872442,0.894535518188053,0.351596151164782,-0.984065469920471,-0.535867824860942,-0.323735448815107,0.0627078118915764,-0.0459132088097047,0.241532787640538,0.443673067505506,0.545363637240347,0.8029681921747,0.0640958260378135,-0.15226696711308,0.014646789642306,-0.189604546612193,-0.235382993478266,-0.000424188304743736,0.0748433184515974,0.00216425757336035,0.149283838391832,0.292846316365289,0.433695616932138,0.558751061103244,0.274987703882093,-30142.0316865958
0.316962524513111,0.237209076654187,0.00841551540653972,-0.138722087218747,-0.0286516524604442,-0.103714570046809,0.0264532005632013,-0.175871057711247,-0.306493226319596,-0.455887868131846,-0.69784392045325,0.344946148041357,1.36443491613195,-0.072579735399601,0.141547055860517,-0.0686280750144514,-0.0487824620382859,-0.00349027786309567,0.0147447255482185,-0.0702344731814487,-0.0558951964180693,-0.0990769458456232,-0.136219739849293,0.182225004210211,-1.20021226997947,-0.0239693287371471,0.317737123662782,0.032587329146474,-0.0667051059031057,0.0897172644131593,0.0279063132203385,0.176794257881626,0.286777695265319,0.403550420061486,0.65666317237964,0.114245717102996,-0.892124248037771,0.0958995987369411,0.177832293565943,-0.129760082044957,-0.0816730390621766,0.0649031611697871,0.0303338816287006,0.164251629512048,0.253499992528823,0.323794659715857,0.288493127567548,0.13322720718403,0.274444999522536,0.0922335797504474,-0.0463271424515394,-0.173457948479267,0.0220926052119891,0.0233580618835196,0.00940722138022726,0.177219567438922,0.260334879587555,0.332521673660904,0.458844765443852,0.0738014366150069,-0.240576838181275,0.0761693952787753,-0.0850345526232284,-0.169155733312626,-0.0270038073443399,-0.014235913192566,0.0150052322145796,0.0850648210362945,0.136667640601736,0.129194356100568,-0.000891738652007223,0.128421057650779,-0.522028622244545,0.0236116432365705,-0.0699131909830737,-0.0798086432221051,-0.0631063122299821,0.107515345811915,0.0112181277311371,0.139035257768603,0.156182974318395,0.266755178761282,0.401598185248231,0.129014222993335,0.889171871256069,0.352033342084062,-0.983200963366552,-0.5356919118771,-0.323615787394284,0.0628884469923223,-0.0458332844836997,0.241759477223063,0.443969384923082,0.545700785749827,0.803486082787382,0.0641003036107043,-0.157621785461474,0.0149868451341611,-0.188430226159178,-0.235122026105217,-0.000415756795757936,0.0749735121430003,0.00224283343033815,0.149859484042987,0.293510505058727,0.434340732698551,0.559590178673725,0.275209844461405,-30142.0302157379
0.311684483754592,0.237657092150329,0.0069314813937878,-0.137735867195606,-0.0282672289704403,-0.103729954944007,0.0265393451174026,-0.175185341102551,-0.30669773935058,-0.45506246559629,-0.698717717598628,0.345122389411526,1.35952269758565,-0.0720340325927463,0.139698509706839,-0.0678606178969873,-0.0485966094695412,-0.00355726027643417,0.0148198265955237,-0.0691663722270834,-0.05606938379218,-0.0981689140107375,-0.136848089457979,0.182583608563665,-1.20451582195973,-0.0238550793984866,0.316496720484122,0.0337467804604891,-0.066072775866873,0.0898234949371521,0.0279911665523263,0.176957185830851,0.28665097341691,0.403106320449851,0.655109447389494,0.114440042683669,-0.897784864459183,0.0965068459106989,0.176011147583309,-0.128982908987405,-0.0813537246920727,0.0647784107133966,0.0304137262960444,0.165253707054999,0.253548226745357,0.324951913510641,0.28782729264392,0.133687033576001,0.26954216276207,0.0926526263908926,-0.0477575937745441,-0.17255501915382,0.0223636192461098,0.0232332411150782,0.00948762325980685,0.177969947743642,0.260299090137314,0.333674905248272,0.458231921538279,0.0739933755351979,-0.245637164711881,0.0764514184301355,-0.0864204395518523,-0.168088759398599,-0.0265605708745189,-0.0144191239714593,0.0150880085749474,0.0858885331474643,0.137045242193792,0.130424476557635,-0.00108519414434542,0.128783051849259,-0.526923853457075,0.0239076983412996,-0.0710148584795441,-0.0787185884327358,-0.0623579261226576,0.107793887134006,0.0113085292330247,0.13864753418692,0.155491216037379,0.266055772765955,0.398911089283254,0.129414563818985,0.883975722001083,0.352202130772778,-0.984392478794978,-0.534461731313997,-0.323131973994072,0.0628702344396368,-0.0457273275454952,0.242338261161429,0.443640515544312,0.546578451320916,0.802117840788781,0.0642511932534039,-0.162865465929178,0.0154329953391009,-0.190061031849117,-0.23417044761665,0.000388448792376751,0.0749781827108164,0.00232974947114739,0.150080292077438,0.292710206852182,0.434381422067594,0.557786713405516,0.275375424430001,-30142.0298323894
0.310220591691079,0.237819402967759,0.00952571483290377,-0.138576077649769,-0.0282024426586925,-0.103618948083815,0.0265527024545058,-0.175020406982273,-0.306389163041673,-0.456347628586488,-0.698858605967787,0.34523021126875,1.35829488619328,-0.0719607317015605,0.142774212336283,-0.068546029855172,-0.0484809712686539,-0.00344808873013703,0.0148335232032812,-0.0692957458491307,-0.0558132333262447,-0.0996785320301613,-0.136753988473767,0.182414832293374,-1.20538950548373,-0.0235596205958482,0.318944955867087,0.0329403752463713,-0.0660238343918867,0.0899077216631275,0.0279999342297458,0.176161126762844,0.286060430177236,0.402292830948353,0.654588788270393,0.11406008238777,-0.898692616430093,0.096485644666143,0.178786121534141,-0.129560022303761,-0.0810131213970275,0.0649853282023026,0.0304218877796786,0.164838090112479,0.253467768801326,0.323770826451839,0.287755412625077,0.133538959872629,0.268672376801216,0.0927127835659743,-0.0454644561925003,-0.173163670157488,0.0223847493554068,0.023273940239954,0.00949702259150224,0.178052948010778,0.26054141952926,0.332407655162854,0.458396619643374,0.0739308018668207,-0.247016404533938,0.076837547366153,-0.084111008756754,-0.169150167703962,-0.0268187260100125,-0.0141260117646875,0.015098499554228,0.0861572785069765,0.136925887088409,0.128874619209809,-0.00121298488284744,0.128627660393463,-0.528573929462672,0.0239039193578382,-0.0688811605700734,-0.079268375897913,-0.0617215407883898,0.107902813228632,0.0113294257708195,0.138829681451377,0.155352082793322,0.265074519380214,0.398830983423237,0.129167223625285,0.88298849554976,0.352346332465276,-0.98167354275601,-0.535251911351857,-0.32284724353455,0.063231390462216,-0.0457426147409441,0.242685794876283,0.444274190214884,0.544723398510671,0.802175434829453,0.0643978346901691,-0.164063935275958,0.0155443792865814,-0.18750666668568,-0.234897273778502,0.000390949368871029,0.0754588510496556,0.00233972583793274,0.149847176352949,0.292917923043587,0.432803905933099,0.557463048972421,0.275631935243846,-30142.0296672717
0.310200172138507,0.237832161669086,0.00950800723489125,-0.138426063513517,-0.0281858914882525,-0.103540503893288,0.0265513134800715,-0.175295180925468,-0.30653258379082,-0.456428770207755,-0.69866240866284,0.345124753907007,1.35825501756157,-0.0719948385137123,0.142422903658055,-0.0685490106778006,-0.0483860407693173,-0.00334854800990177,0.0148355400568487,-0.0693700067888951,-0.0558821278935796,-0.0994708230118813,-0.136924623350364,0.182505546020127,-1.20555543168425,-0.0235500329057446,0.318790401073157,0.0327892376532873,-0.0661111593665998,0.0900458450420865,0.0279984364557686,0.176865300367531,0.286579304773993,0.401538463499553,0.654976777193361,0.114335989452046,-0.898616976995622,0.0964710797439134,0.178801000087096,-0.129634917872575,-0.0810995777459786,0.0650173106464201,0.0304261223501191,0.165283909965697,0.253563056826459,0.323393362129039,0.287659207258378,0.133510363021654,0.268574120519696,0.0927227727156741,-0.0451051525642336,-0.173267027617824,0.0224652966768102,0.0235128671181519,0.00949540996793928,0.177861176467721,0.260435943198119,0.332356750174782,0.458224482717914,0.0739880844976347,-0.247112109471383,0.0768318928275859,-0.0839954990836271,-0.169019701178264,-0.0266444679911281,-0.0141492537291218,0.0150971697226097,0.0855787624208893,0.137036998237744,0.128868595335035,-0.00142804671700975,0.128676336979426,-0.528629624978651,0.0239637820907375,-0.0680273995220217,-0.079322035039165,-0.0620745782273923,0.107895694836701,0.0113267596059455,0.138735539187191,0.155743506548806,0.264946240652348,0.399434756291675,0.129237510209263,0.883051698710067,0.352421697145871,-0.981824291396336,-0.535323321787186,-0.322959303474453,0.0630315542433612,-0.0457409038800252,0.242437710064006,0.444004959224929,0.54543218071824,0.80246340342153,0.0644360442914544,-0.164002025965736,0.0155712344742988,-0.187316769502045,-0.234959570255102,0.000302871366025536,0.0751969242229178,0.00234299192207685,0.150172640512143,0.292891997281733,0.433276034091232,0.55787223595412,0.27529012055766,-30142.0294112476
0.310292234241457,0.237832416810398,0.00918287213937579,-0.138460823593234,-0.0281649148147459,-0.103461526058085,0.0265529793736251,-0.175331772963939,-0.306588711455298,-0.456384672434503,-0.698741484988704,0.34512763132007,1.35817192991477,-0.0720088272267194,0.142288884361139,-0.0682938760268498,-0.0483305693093076,-0.00329042172147894,0.0148352644856368,-0.069470411042703,-0.0559220256408461,-0.0995295034518049,-0.136838677144963,0.18252937890048,-1.20582044080238,-0.0235279656090647,0.318693514987217,0.0330261331206601,-0.0661635320542364,0.0900806926702215,0.027995779360088,0.176721576069085,0.286468834185701,0.402466083354138,0.655067134947585,0.114525777947567,-0.898629801080511,0.0964847721331275,0.17862433409745,-0.129403527727538,-0.0811737610583347,0.06511237543631,0.0304271370831405,0.164609412348305,0.253602899214814,0.323533617630565,0.287738391825765,0.133555227229745,0.268491366182204,0.0927589341379883,-0.0454620583003112,-0.173167059663282,0.0225583824705367,0.0235190115990388,0.00949660165285814,0.177819683099452,0.260453319663937,0.332168272718929,0.458004961374799,0.0739757945386513,-0.24715286349843,0.076757696836477,-0.0843849051899579,-0.168898450340462,-0.0264335806466607,-0.0140849514140673,0.0150999372203827,0.085718007565147,0.136752797339008,0.128840934774181,-0.00141595739400226,0.128749851620721,-0.528571539772384,0.0240603893758741,-0.0688841907823051,-0.0792967741620546,-0.0624736949049626,0.107934745211755,0.0113269690988637,0.139117477158073,0.155790400750674,0.265613818309374,0.399691365280951,0.129405603190007,0.883108548709346,0.352490886133563,-0.98232892396711,-0.535358350490228,-0.32313464021765,0.063037164881094,-0.0457342495876993,0.242262526048514,0.443961646322085,0.545517356163952,0.80279631630311,0.0641955342137646,-0.164034277830489,0.0155928590609069,-0.187647678241859,-0.234792326292188,0.000307866844411663,0.0750707871969653,0.00234209753400077,0.149895416447657,0.293251623521837,0.433423328988801,0.55861792712572,0.275084557371011,-30142.0292823454
0.310297912145682,0.237822213142274,0.00879257277505446,-0.13825762964605,-0.0281748375411197,-0.103494600704799,0.0265509296732839,-0.175517729107451,-0.306581710581624,-0.456337982909905,-0.698746718801676,0.345186686876897,1.35811631928092,-0.0720169805657967,0.141971001830186,-0.0682624117513427,-0.0483434149998369,-0.00329672233525824,0.0148379723652159,-0.0697200211034775,-0.0558699788959766,-0.099350365088075,-0.136816967540117,0.182446496958444,-1.20600949581817,-0.0234995175204383,0.318004531328358,0.0330708506024482,-0.0661934602418234,0.0899911716832384,0.0280006062810778,0.176757310252466,0.286561691223067,0.40286561841566,0.655527387907582,0.114394278774835,-0.898688870444464,0.0964995069088402,0.178129634113366,-0.12935670765803,-0.0811269474776592,0.0651225157869695,0.0304274099467118,0.164738586088921,0.253296018735577,0.323528753680209,0.287700176500755,0.133521167727893,0.268342170764818,0.0927849285023507,-0.0462554061101768,-0.172985366926686,0.0225375922589976,0.0235182848283675,0.00949944334133879,0.1775304133721,0.260089326296138,0.332227140188538,0.458293158820937,0.0739560854701988,-0.24714388447786,0.0766825400924553,-0.084494854389158,-0.168643010357599,-0.0265127254526598,-0.0140488747880314,0.0151055743634195,0.0854585277466353,0.136660951534785,0.128824785794062,-0.00147879718772443,0.128649420376856,-0.528617916515234,0.0241802112866431,-0.0695478624685352,-0.0792615021218607,-0.0624674130764157,0.10786380029229,0.011320196007974,0.138979619255021,0.155845474628817,0.265988482753449,0.400303677870333,0.129065797851554,0.88292465770538,0.352533046738955,-0.982528602082913,-0.535179712423167,-0.323189665007155,0.0631709365230332,-0.0457367943936313,0.24219997854375,0.444134628135301,0.54503844771522,0.8026176609096,0.0642339203355979,-0.16416517789921,0.015566512991549,-0.188173261857188,-0.234732068332643,0.000227108312679506,0.0753325516086425,0.0023392594072114,0.150234135580631,0.293107308334006,0.433690456625298,0.558456734855034,0.275444901792142,-30142.0292098081
0.310307055295248,0.237815717061413,0.00868699851972178,-0.138273685570797,-0.0281794804478253,-0.103486118674025,0.0265513010195899,-0.175493233937991,-0.306670637235893,-0.45623624631615,-0.698565913589466,0.345163768868275,1.3581119718026,-0.0720086054316892,0.141839244847858,-0.0681969275971125,-0.0483780765576238,-0.00329148689272647,0.0148387428573179,-0.0696875572764112,-0.0560571119266794,-0.099417628904148,-0.13675588399169,0.182445547779233,-1.20607433976141,-0.023483959265418,0.318109845171525,0.0331013875631749,-0.0661887205702759,0.0899839616117981,0.0280012522564144,0.176765773784942,0.286622505066779,0.402598413557474,0.655594729787341,0.114261472864112,-0.898713256376512,0.0965034346058334,0.177998705269177,-0.129343044615583,-0.0810994319658371,0.0651249007179915,0.030427345128954,0.164611541968939,0.253429040886115,0.323543853082651,0.287801863999613,0.133475385988293,0.26828614415046,0.0927872938018391,-0.0459734019808535,-0.173024676692228,0.0225058698463313,0.0234970075278618,0.00949946310239816,0.177536724398428,0.26033187489801,0.332356722215559,0.458147510694558,0.0739797109839522,-0.247165157962126,0.0766857746877731,-0.0846234455769065,-0.168622895930478,-0.0265406690494611,-0.0140022027100832,0.0151054788462382,0.085412221096195,0.136690770271855,0.128881717156332,-0.00141721542070439,0.128660054285642,-0.528638304613244,0.0241837602066236,-0.0695341455456006,-0.0793557004787813,-0.062382222294705,0.107800550874874,0.0113192771705961,0.138987197583033,0.155997125247609,0.26584980042933,0.400209428293583,0.129147061912067,0.882834211955333,0.352527062595164,-0.982731748945922,-0.535157082733192,-0.323099905409337,0.0632192271045577,-0.045738650572404,0.242155711143985,0.443783355929749,0.545476765801136,0.802501935694997,0.0643441285421239,-0.164173347688842,0.0155692751049057,-0.188197400522053,-0.234651732774025,0.000186990963868305,0.0753286065856919,0.0023397473244723,0.149984946932025,0.293261604054163,0.433706817788524,0.558327412042437,0.275512457081041,-30142.0291611082
0.310323523569023,0.237813820958123,0.00871774763014615,-0.13826787532442,-0.0281999492851528,-0.103501496193867,0.0265521500866549,-0.17553561016536,-0.30657820744697,-0.45616879806641,-0.698525279801282,0.345121627449503,1.35807365673558,-0.0719909714508001,0.141770952860228,-0.0681924680668066,-0.0483834146111468,-0.00328115408807497,0.0148388544967611,-0.0697142578216307,-0.0560201993919559,-0.0993916060245414,-0.136798270286706,0.182473565006068,-1.20620035519975,-0.023473463031541,0.318081249069207,0.0331189727625253,-0.0661845787916133,0.0900289614438537,0.0280031329085505,0.17660642228427,0.286549442841819,0.40260476610164,0.655440436242036,0.11436011161209,-0.898769897341786,0.0965091622953899,0.178019077319858,-0.129295486186999,-0.0811442170336282,0.0650773911794652,0.0304274811207802,0.164646022912684,0.253440505814799,0.323736278288308,0.28783928894246,0.133509259517189,0.268187167504741,0.0927839478452723,-0.0460410418473051,-0.173005846786303,0.0224612901406063,0.0235925625930711,0.00950031909798955,0.177697362090128,0.260284821864242,0.332459708842406,0.458361630889871,0.0740010406885687,-0.24722158925582,0.076718502312978,-0.0847237295650379,-0.168679253509427,-0.0265248234674031,-0.0140573424001487,0.0151037615218686,0.0854957234703737,0.13676043781423,0.129049520937075,-0.00135384696210696,0.128706537402787,-0.5286634562927,0.0241623677391034,-0.0695704825917031,-0.0792898558285236,-0.0623659227610748,0.107874300471097,0.0113198808678015,0.138895041647853,0.15574359643569,0.265693133129336,0.400008373634829,0.129357271971078,0.882756564283601,0.35252082511162,-0.982868520608121,-0.535177056133553,-0.323009537913704,0.0631552450095627,-0.0457374958360229,0.242167976593394,0.444016662634784,0.545314494049435,0.802559392982817,0.0643989632251569,-0.164138286638114,0.0155900233778222,-0.188139957748508,-0.234647236046054,0.000218961606684772,0.0752053865171577,0.00234293019264671,0.149984333062432,0.29306046869775,0.433577597532847,0.558515629735496,0.275239956129128,-30142.0291431119
0.310318345134755,0.237816142917477,0.00869515146295116,-0.138235442586846,-0.0282067085875777,-0.103491730912498,0.0265522355519845,-0.175502212884146,-0.306631271272977,-0.456190892334295,-0.698556318525052,0.345139750335017,1.35804301758447,-0.0719853123587723,0.141820204911911,-0.0682239103418766,-0.0483751419601695,-0.00328014822349413,0.0148385684314033,-0.0697039440364601,-0.0559680461297677,-0.0993453994642762,-0.136770920593003,0.182477713487525,-1.2062543349154,-0.0234726164198538,0.318053110408881,0.0331180219609269,-0.0661783507993785,0.0900415072476533,0.0280037830533268,0.176684962818237,0.286510599240007,0.402608897412193,0.655391641388832,0.114437021114657,-0.898783527923525,0.0965100872972596,0.178038032733234,-0.129341398184409,-0.0811700560645673,0.0651015540147897,0.0304282460808475,0.164738633705781,0.253442377343691,0.323710442335197,0.287906796586304,0.13354019421128,0.26816402602381,0.0927903935026346,-0.0461007125642367,-0.172971816027947,0.0224786942219777,0.023507120630183,0.00950116755154348,0.177659559911359,0.260410572199591,0.332505839649715,0.458290822417705,0.0739951925767697,-0.24723242847984,0.0767351190915043,-0.0847277410248045,-0.168670723121176,-0.0265378401126242,-0.0140779596716652,0.0151036094725238,0.0854961193282822,0.136777255097693,0.129006642478457,-0.00123673366861868,0.128686205047897,-0.528653607888337,0.0241535989749225,-0.0695074539429387,-0.0792460542572015,-0.0623872013285209,0.107923441724308,0.0113212594778424,0.138820822789318,0.155736047128323,0.265757996818708,0.399926254272755,0.129286647589418,0.882754293305061,0.352522351896583,-0.982729221116673,-0.535165458118556,-0.323048268480095,0.0631376177446569,-0.0457360040981717,0.242147802582383,0.443863646924664,0.54537265170198,0.802676095791916,0.064319452041025,-0.164155006209125,0.0155899531246142,-0.1882207516246,-0.234700199366418,0.000248786312985668,0.0752093629023684,0.00234339801314168,0.149886712958071,0.293109610443993,0.43368474759052,0.558508279692544,0.275261134942118,-30142.0291279949
0.310295121910328,0.237821815681902,0.00871459546945871,-0.138257314924534,-0.0281956053370028,-0.103488397097572,0.0265522136190805,-0.175494508177492,-0.306601792655989,-0.456169515686293,-0.698604711822871,0.345161875504592,1.35801202016019,-0.0719779154390475,0.141789144168121,-0.0682132533785094,-0.048381854727033,-0.00330465767693461,0.0148389029251032,-0.0696274711950277,-0.0559730059843948,-0.0992971321393955,-0.136719597160397,0.182483483017837,-1.20632412108019,-0.0234670489317762,0.318069596661749,0.0331328848925155,-0.0661678997099722,0.0900370184566122,0.0280047398115786,0.176678578811829,0.286585182028113,0.402605454474883,0.655423084877165,0.114395554223842,-0.898815259811565,0.0965175569103584,0.178024571952612,-0.129307671442116,-0.0811750621729662,0.0651015181983468,0.0304288012236509,0.164705683437318,0.253501603050271,0.323756879786115,0.287868929490907,0.133519616240245,0.268123617184127,0.0927978388356007,-0.0460551862893511,-0.172993464699516,0.022506924901263,0.0234919283557699,0.00950192597503053,0.177614818011937,0.260308725550254,0.33245673827105,0.458385715347543,0.0739832071081449,-0.247248400556202,0.0767493743002979,-0.0847247459134724,-0.168687838768039,-0.026563280898184,-0.0140684235214552,0.0151040165393105,0.0854888419987076,0.13676681854576,0.129054042699111,-0.00128371098953606,0.128708713887316,-0.528633105868845,0.024144788188759,-0.0694642478994986,-0.0792511253705549,-0.0624101193863696,0.107889377913282,0.0113238968430762,0.138845678558031,0.155824546419716,0.265746050190462,0.399957428942151,0.129188321369788,0.882753194339628,0.352525111417583,-0.982667824085474,-0.53515357204624,-0.323128624103488,0.0631105775146474,-0.0457336185992883,0.24218744564255,0.443971180364435,0.545498941565405,0.802689581847588,0.0642856283848665,-0.164224021431978,0.0155868192636737,-0.188195042804807,-0.234662856668661,0.000238610519972593,0.0752597478206312,0.00234188215046467,0.15000308618055,0.29312234839822,0.433673161155019,0.55842879132225,0.275397130591475,-30142.0291201759
0.31024523754481,0.237836758353616,0.00868405708782842,-0.138258571110814,-0.0282008434563335,-0.103509982198321,0.0265525421782957,-0.175464637008464,-0.306584640486594,-0.456143305077441,-0.698539964167104,0.345160466139259,1.35796016995236,-0.0719695119843844,0.141809234901858,-0.068215610709251,-0.0484057345815429,-0.00331366473835483,0.0148398700200276,-0.0696274870424448,-0.0559120846539129,-0.0992706615643663,-0.136694261498173,0.182497386531298,-1.20641102973965,-0.0234589629539113,0.318115367351366,0.0331304924352823,-0.0661748113662514,0.0900033260633763,0.0280067764064514,0.176724333472455,0.286576270698211,0.402692637999592,0.65546730813115,0.114358789916359,-0.898880589228954,0.0965319075659003,0.178038518478945,-0.129327790972938,-0.0811503169579217,0.0650734611970615,0.0304294989461144,0.164724467505489,0.253447125239418,0.323741483100322,0.287876214838375,0.13352800899605,0.268056875096395,0.0928070327258389,-0.0460445036557824,-0.172999160258212,0.0224963228293755,0.0235193990679509,0.00950298548613774,0.177702448057962,0.260313149706104,0.332508159387383,0.45823757005263,0.0740121026641397,-0.247292313837259,0.0767573173221432,-0.0847201102877457,-0.168684892334321,-0.0265647924772631,-0.0140712701116207,0.0151048311592194,0.0855311104009211,0.136791253471699,0.129060605204725,-0.0013160600090529,0.12869404423865,-0.528699674668808,0.0241402220870251,-0.0694655839413804,-0.0792170881059066,-0.0623859643040804,0.107841208833229,0.0113235349608406,0.138907035108163,0.155780104805346,0.265833196559601,0.400056630804149,0.129250672632703,0.882685415172822,0.352525343318315,-0.982779081915845,-0.53513272848359,-0.323154359744556,0.0631388482530303,-0.0457322980900888,0.242261406778462,0.444073161505572,0.545486881051909,0.802713441129988,0.0643373999323065,-0.16427215055684,0.0155971344399077,-0.188201377460505,-0.234656533232976,0.000219852926974625,0.0752512537248602,0.00234290731648238,0.150042538767105,0.293186080707501,0.433736412467971,0.558442268886737,0.275369927310201,-30142.0291158766
0.310185946200828,0.237846473686003,0.00868447853219767,-0.138274176284054,-0.0282257471483206,-0.10353149082604,0.0265532715401508,-0.175433624009287,-0.306575942440833,-0.456108331938951,-0.698545196659989,0.345159770837005,1.35789402637268,-0.0719622883993158,0.141797369924197,-0.0682161549900536,-0.0484102325686187,-0.00332009031255161,0.0148405950405879,-0.0696001336918408,-0.0559407854685336,-0.0992469810703847,-0.136727591142209,0.182478740087641,-1.2065172403783,-0.0234538217299057,0.318092816796268,0.0331419461095961,-0.0661874903745914,0.0899955828417786,0.0280075947942053,0.176778957033391,0.286602880948538,0.402724309272286,0.655498079981416,0.114390264675337,-0.89895007601834,0.0965417885749793,0.17800138302432,-0.129335661054049,-0.0811648119969481,0.0650748619713288,0.0304302673840073,0.164740166301877,0.253470268095219,0.323735341772473,0.287854529779674,0.133526373339311,0.267981265030234,0.0928162722656134,-0.0460779730730939,-0.172976817467004,0.0224728854006689,0.0235164728424767,0.00950355526168991,0.177663038713081,0.260367970978018,0.332470618003688,0.458288722160246,0.0739992488545866,-0.247355069321818,0.076756236063609,-0.0847302014785764,-0.168681238177356,-0.0265768788014646,-0.0140824604460623,0.0151055747807169,0.0855548171630434,0.136785189834066,0.129084346612518,-0.00129078211591067,0.128697248323099,-0.528773118786086,0.0241419748847919,-0.0694911777147491,-0.0792521462902397,-0.062382670296326,0.10785141144217,0.0113233113594951,0.138972080038983,0.15589539000264,0.265877301101319,0.400069943363178,0.129274543759433,0.88258997782836,0.352531215509279,-0.982687564023722,-0.535139299959611,-0.323118368249552,0.0631214097050797,-0.04573264942983,0.242267805145419,0.443998870058408,0.545524655890193,0.802674880776918,0.0643379681919363,-0.164324595614378,0.0156085624347252,-0.188209130641096,-0.23467956938644,0.000202379904877664,0.0752105961194344,0.00234417029786826,0.15003591811751,0.293172611465425,0.433756204633921,0.558515766309309,0.275343242880104,-30142.0291095362
0.31011328375634,0.237851219022801,0.00868441219530182,-0.13826056891642,-0.0282376438814239,-0.10351547951939,0.0265542667522712,-0.175423938199888,-0.306549243665586,-0.456094914269125,-0.698514901386029,0.345159371389398,1.35782336339982,-0.0719523573085585,0.141793715913788,-0.068222236890993,-0.0484085332488495,-0.00331686149030339,0.0148413827341077,-0.0696017531695148,-0.055927225562481,-0.0992638059400519,-0.136703501629552,0.182486785484514,-1.20661233389871,-0.0234403313060746,0.318088551835183,0.0331310394061136,-0.0661926793119906,0.0900146692262518,0.0280081457965909,0.176781202207343,0.286665356993739,0.402726845222169,0.655501987112348,0.114413479820746,-0.899028539771067,0.0965504857480543,0.178027240987423,-0.129324774858036,-0.0811904550796334,0.0650851972869376,0.030430943504945,0.164764470165947,0.253507131870227,0.323795171088391,0.287896095427247,0.133529283491533,0.267918023889735,0.0928294001091795,-0.0460693976043203,-0.173010359973877,0.0224625766748866,0.0234767453330955,0.00950457271693849,0.177731642325693,0.260351917792678,0.332561677965992,0.458380330404667,0.073990638028838,-0.247426410324033,0.0767597914587864,-0.0847164293765488,-0.168680542943312,-0.0265787378541531,-0.014085838624706,0.0151064131173113,0.0855611700155184,0.136823883794448,0.129110358050172,-0.00124744026306524,0.12870526947751,-0.528820647520317,0.0241663403427926,-0.0694861177558876,-0.0792529937890551,-0.0624222340159808,0.107862024650096,0.0113243637399161,0.138981028801175,0.155867604440402,0.26587692603534,0.400062848022262,0.129235155558427,0.882510115029886,0.35254740708979,-0.982708482591164,-0.535156790128149,-0.323076247194955,0.0631162870259416,-0.0457323854343232,0.242247347097552,0.443985340801858,0.545485524419783,0.802696029973937,0.0643235646721325,-0.164399353136097,0.0156190967136333,-0.188185156826115,-0.234674978211424,0.000193881790379984,0.0752158436923193,0.00234476098954271,0.150055787857008,0.293182870713024,0.4337616322541,0.558509368717626,0.275363714171094,-30142.0291048638
0.31004201005745,0.237857291529577,0.00871980042846197,-0.138261016533549,-0.028227644378913,-0.103508742808127,0.0265552531389548,-0.175414531373133,-0.306539139354462,-0.456077494180583,-0.698482763411359,0.345163648916408,1.35775749422666,-0.0719412204979308,0.141810600696574,-0.0682196198572722,-0.0484161520623833,-0.00330945712575912,0.0148421273073675,-0.0695829264664017,-0.0559054754759388,-0.0992300985965258,-0.13666082765318,0.182493589507453,-1.20667217484134,-0.0234214173707898,0.318102862068837,0.0331276230266923,-0.066198778226143,0.0900096325596279,0.0280091475427673,0.176792344325613,0.286606428202497,0.402732194888147,0.655530134248114,0.114397587775875,-0.899095394528122,0.0965587293832229,0.178025057806464,-0.129330371779582,-0.0811917604804603,0.0650712168857054,0.0304319063810117,0.164809914890423,0.253536396139379,0.323830981166528,0.287970589391084,0.133537987590664,0.267847985082968,0.0928381360368928,-0.0460513771184997,-0.172992972236539,0.0224539978360023,0.0234958110002062,0.00950489611622907,0.177726257557295,0.2604383900712,0.332584018731088,0.45843455738806,0.0740013458639528,-0.247489912914791,0.0767722331521,-0.0847078045873821,-0.168679348682338,-0.0265815134590273,-0.0140902303093212,0.0151073651850163,0.0855897198387338,0.136836186451177,0.129123912212694,-0.00120032328686204,0.128703007840133,-0.528876725055645,0.0241892227209029,-0.0694858547851387,-0.0792591534457691,-0.0624323252634954,0.107862080399652,0.011325402976863,0.138907171612649,0.155847878464766,0.265846051115132,0.400071240856982,0.129242004666936,0.882458951366243,0.352562754689709,-0.98275369083658,-0.535158217977533,-0.323118573900412,0.0631229071747764,-0.0457306894040321,0.242270744740458,0.444028275371529,0.545497742732948,0.802716466652104,0.0643428133439825,-0.164469864352107,0.0156275761894924,-0.188217140194328,-0.234673477584346,0.000206109017924542,0.0752418187302226,0.00234549303607103,0.15006422551452,0.293202957006311,0.433767997417925,0.558522754868115,0.275359182863993,-30142.0291001093
0.3099638499181,0.237868528521082,0.00870015223768868,-0.138254627830867,-0.0282307173686876,-0.103515127870952,0.026556277432796,-0.175405255681644,-0.306522047234198,-0.456066767499334,-0.698461646934562,0.345162420096009,1.35768052407842,-0.0719300717474935,0.141812055593555,-0.0682217852366591,-0.0484238409141178,-0.00331538232654767,0.0148430447311873,-0.0695630584570764,-0.055879648116588,-0.0992001044749398,-0.136622107392387,0.182486382667479,-1.20674171095816,-0.0234095730589134,0.318081786038445,0.0331191606218619,-0.0662006494196265,0.0900108511280722,0.0280101061178553,0.176762729835739,0.286683774188207,0.402741198447827,0.655558236842278,0.114388307701476,-0.899172910395637,0.0965676938400144,0.178046886065924,-0.129330640848621,-0.0811974657943191,0.0650777886789251,0.0304329415139479,0.164785718629784,0.253566426791649,0.323840550703181,0.288010622537122,0.133530531235892,0.267775049729392,0.0928452311897936,-0.0460605908703457,-0.172991880903393,0.0224534949661181,0.0235116132178477,0.00950585114683241,0.177757624592895,0.260414146394699,0.332568387592079,0.458417146733302,0.0740181083082948,-0.247574852266868,0.076788111585063,-0.0847035392699777,-0.168679898089396,-0.0265890156106232,-0.0140756260359751,0.0151079744051311,0.0855790284153538,0.136859704352515,0.12914540725832,-0.00118852351827714,0.128703582795656,-0.528973721871362,0.0241982509436586,-0.0695056314595354,-0.0792663671486394,-0.0624125920518898,0.107867349336551,0.011325827125236,0.138964130474934,0.155857580037655,0.265863103235925,0.400087616008181,0.12926270816828,0.882390268481668,0.35257265952385,-0.982680970945856,-0.535149060606938,-0.323167505645985,0.0631276232541373,-0.0457294247190877,0.242271129243121,0.444029606977274,0.545571547542448,0.80277626599553,0.0643252039768933,-0.164546625453373,0.0156377852912319,-0.188174027467074,-0.234678396309476,0.00020105785662623,0.0752236560423832,0.00234649993552644,0.150063019901905,0.293208413510412,0.433785341745683,0.558567252213343,0.275367543311619,-30142.0290960829
0.309886355821347,0.237882101244012,0.00870825273805793,-0.138264552274154,-0.0282424116721485,-0.103516744718815,0.0265570179624962,-0.175388723575594,-0.306500029356495,-0.456051323111288,-0.698445348886507,0.345164106779859,1.3576068881725,-0.0719213469849217,0.141790670329959,-0.0682178493860823,-0.048430331941384,-0.00331711093636976,0.0148440040195907,-0.0695602174379744,-0.0558557718695786,-0.0991972025339688,-0.136602867844747,0.182492913112064,-1.20681625415933,-0.0234042094754099,0.318100775994837,0.0331379400170593,-0.0662119730569756,0.090012129162829,0.0280107599356812,0.17682276342911,0.28665628868245,0.40276620536501,0.655572541732016,0.114400769611195,-0.899251260720153,0.0965780166236722,0.178023537631268,-0.129319597599696,-0.081194026668331,0.0650824015746202,0.0304337979332567,0.164813925579168,0.253549569880369,0.323845450098651,0.287971794324091,0.133537501513653,0.267709675338109,0.0928547841195005,-0.0460592206661219,-0.172994879986147,0.0224600274104935,0.0235011991244859,0.00950708651851918,0.177724135901843,0.260407708881964,0.332582830065958,0.458398613064893,0.0739979219731082,-0.247650887281665,0.0768019127398045,-0.0847385024177452,-0.168689164744649,-0.0265967009436246,-0.014077721375108,0.0151089452473829,0.0855988136072946,0.136856618955315,0.12915045185383,-0.00118173622071204,0.128710800931744,-0.529059857849805,0.0241995133105309,-0.0694773601768012,-0.0792523800870302,-0.062420544011344,0.107863113428596,0.0113269172035774,0.138980923486849,0.155923974966316,0.265908742602809,0.400121274202577,0.129258302062672,0.882307275051788,0.352577628413166,-0.982685979247132,-0.535148361808806,-0.32315119394786,0.0631193507637486,-0.0457289892583873,0.242301914042854,0.444099312129904,0.545584778688866,0.802806805640021,0.0643221038778871,-0.16461902009588,0.01564743393119,-0.18819185446031,-0.234671863833166,0.000187070370676681,0.0752238244474604,0.00234759958185199,0.150087679235021,0.293228651168267,0.433810501087858,0.558592112187593,0.27535632625261,-30142.0290915914
0.309815353776854,0.237894734641746,0.00868688071419005,-0.138262339422867,-0.0282484261047997,-0.103517308045283,0.0265577708011297,-0.175377950134715,-0.30649868959433,-0.456029937377471,-0.698441391823686,0.345168544923472,1.35753481104586,-0.0719129979747695,0.141817198965778,-0.0682181907081613,-0.0484318576097921,-0.00331524656439855,0.0148448565645738,-0.0695395786520885,-0.0558674892592912,-0.0991753112797201,-0.136628067167924,0.182497653505925,-1.20688099163785,-0.0233996028598621,0.318089799297784,0.0331268454623516,-0.0662129740466971,0.0900080885575992,0.028011831799782,0.176821264183966,0.286705512618391,0.402793162945333,0.655576492617652,0.114405564199168,-0.899324267646198,0.0965892211522686,0.178030377796824,-0.129330439675406,-0.0811918290792876,0.0650776649511456,0.0304347054173265,0.164812084499024,0.253564694392122,0.323835249255667,0.287973957706303,0.13353888792217,0.267639065129314,0.0928651096836014,-0.0460531659961454,-0.172990487232489,0.0224539757231756,0.0234968215417467,0.00950800026516475,0.177745673602894,0.260430982443846,0.332567736451528,0.458423787222225,0.0739942745439208,-0.247724732128563,0.0768121621029104,-0.0847130095265638,-0.168685827766433,-0.026600099150378,-0.0140871903715598,0.0151098953466845,0.0856089927264279,0.136876430715243,0.129159261452494,-0.00118777357661716,0.12870410130436,-0.529125366120472,0.0242020938671726,-0.0694815744903403,-0.0792423159132396,-0.0624406570556229,0.107854893166618,0.0113286316545941,0.139012776126108,0.155930600879808,0.265941462307898,0.400161837567676,0.129247438064335,0.882229382258222,0.352584472868062,-0.982753005328098,-0.535148734430135,-0.323122142518868,0.0631142376250597,-0.0457284621235964,0.242341840294001,0.444104602226852,0.545580372668037,0.802802305963858,0.0643448248732193,-0.164694382040125,0.0156570312999054,-0.188203040715106,-0.234671076014118,0.000181048896190462,0.075227571954639,0.0023483802808147,0.150105138098751,0.293269370393788,0.433830721772041,0.55858254624557,0.27535946871275,-30142.0290881667
0.309739687925089,0.237904153768925,0.00870196219857737,-0.138267832985401,-0.0282461281601136,-0.103516079731259,0.0265588286101002,-0.17537022576852,-0.306493720820312,-0.456042939391384,-0.698455019637228,0.345168633907764,1.35745558672175,-0.0719026964146027,0.141805847717255,-0.0682181412008552,-0.0484272204452803,-0.00331498776928325,0.0148458858388724,-0.0695328775345981,-0.0558473608372951,-0.0991846806547698,-0.13662361661888,0.182491505065479,-1.20696234893462,-0.0233892442322849,0.318108864879236,0.0331322888714117,-0.0662074119814405,0.0900003284983332,0.0280128661185525,0.17683770323309,0.286681622688263,0.402789899864556,0.655582609206093,0.114396785905693,-0.899401015050433,0.0966025407960509,0.178029713657684,-0.129333092530967,-0.0812060087688124,0.0650704528036935,0.030435827077457,0.164828242765682,0.253571815651904,0.323857474702016,0.287994112716837,0.13353353665286,0.267546638590271,0.0928770148510316,-0.0460627175459425,-0.172993428299095,0.0224411974888058,0.0234979305415466,0.0095086311735815,0.177793902181963,0.260453151906409,0.332625717375116,0.458441656305405,0.0740211157929574,-0.247805939498797,0.0768155830262697,-0.084708513019532,-0.168681006457437,-0.0266005171896668,-0.0140854535515744,0.0151111397458236,0.0856361436992199,0.13688781020388,0.129180140948187,-0.00117154814587588,0.128704531037042,-0.529205215003952,0.0242134206397594,-0.0694627964723444,-0.0792470850353956,-0.0624368226982648,0.107855287966948,0.0113295506970685,0.139012117277187,0.155925556071632,0.2659374835791,0.400143328715157,0.129252157376627,0.882158484839458,0.352597288441416,-0.982708413091666,-0.535151725405458,-0.323132072715621,0.0631192419980934,-0.0457272573847848,0.242324063267465,0.444051851095794,0.545579892749375,0.802767326587629,0.0643461538922533,-0.1647794619237,0.0156687584146392,-0.1881950906524,-0.234674116629838,0.000185596068010028,0.0752240616273733,0.00234913374749985,0.150127522280033,0.293249054132182,0.433830223260719,0.558584390590467,0.275376997588134,-30142.0290838825
0.30966577356264,0.237910233337006,0.00871321151615354,-0.13826185467426,-0.0282435382534712,-0.103513681746391,0.0265598940697128,-0.175351749092149,-0.306491756258316,-0.45602770988731,-0.698439788631794,0.345168052641836,1.35738070122958,-0.071891061440818,0.141816596432849,-0.0682226533247929,-0.0484307739738686,-0.00331820904869628,0.0148468973467296,-0.0695242509743767,-0.0558580684546982,-0.0991737373013831,-0.136606008904489,0.182500210287262,-1.20704752746428,-0.0233771691341363,0.318105745287123,0.0331312777460121,-0.0662113921836621,0.0900133117171223,0.0280137814958771,0.176852095124819,0.286693581648338,0.402792697494083,0.655582628245369,0.114414392065746,-0.899483155115916,0.096611847814764,0.178043019323299,-0.129326077322833,-0.081208560914782,0.0650842205516579,0.0304366566895675,0.164854779103206,0.253580918424547,0.323869054788117,0.287994122522524,0.133540841344701,0.267469141941662,0.092888910063357,-0.0460456607957453,-0.173006324650975,0.0224452396788783,0.0234980147039909,0.00950972107353185,0.177793518964174,0.260470099058075,0.332620979452786,0.458460329352367,0.0740064196360356,-0.247882498829995,0.0768227245566418,-0.0846999620248353,-0.16867904079541,-0.0265956085506506,-0.0140832080446516,0.0151121395161344,0.0856390923062248,0.136884953761728,0.129179246798498,-0.0011616855155155,0.128721056168445,-0.529287449329443,0.0242298375096332,-0.0694779999035069,-0.0792544212359255,-0.0624179817405632,0.107858427225462,0.0113297862786711,0.139023110101152,0.155919867428787,0.265918564051745,0.400139585837304,0.129269852701416,0.882090910146782,0.352609881904574,-0.982690577790309,-0.535150428517781,-0.323151011492649,0.0631266601678081,-0.0457257900106719,0.242312169269812,0.444088165433454,0.545552174083598,0.802776579819455,0.064327762003494,-0.164849571128872,0.0156793870521259,-0.188180276955667,-0.234679179289133,0.000181058346899001,0.0752297488335016,0.00235039210763725,0.150117195371573,0.293260661516567,0.433829733224977,0.558590439828656,0.275368253896631,-30142.0290804028
0.309592143881309,0.237917242536607,0.00872588695767328,-0.138260219825963,-0.0282443653631231,-0.1035113390301,0.0265608671949645,-0.175345008314389,-0.306474010111333,-0.456019956361893,-0.698415947550701,0.345177278665895,1.35730653482315,-0.0718807319079879,0.141821997403601,-0.0682205294481741,-0.0484348145602716,-0.00330663773832751,0.0148477843899934,-0.0695108452032179,-0.0558393869585658,-0.0991728102953509,-0.136594478103708,0.182501496047383,-1.20712449444016,-0.0233634963350767,0.318115252543655,0.0331275857607551,-0.0662157382319634,0.0900166528364113,0.0280147868153833,0.176852924194748,0.286709143557254,0.402793513742141,0.655600872273879,0.114408059348827,-0.899558356412871,0.0966189352050166,0.178043188531112,-0.129332675301744,-0.0811939860879778,0.0650843472994161,0.030437621227975,0.16485048023696,0.253586744790374,0.323868636870883,0.288009034486765,0.133550708920502,0.267401169576417,0.0928975274328055,-0.0460423877125849,-0.172988730150922,0.0224489811324262,0.0235024436744564,0.009510968458915,0.177780441779751,0.260429660880374,0.332605738164573,0.458444039581172,0.0740063814418676,-0.247953097013512,0.076835736462612,-0.0846917509246695,-0.168681817112024,-0.0265937170230114,-0.0140757181154338,0.0151129429526647,0.0856426830478577,0.136891930831525,0.129175970424038,-0.00115710349924319,0.12871436625522,-0.52935174659795,0.0242447113620512,-0.0694728428292961,-0.079263847752529,-0.0624310333249115,0.107870414499599,0.0113307500759417,0.139022739771525,0.155933663201846,0.265929925693003,0.400141898359014,0.129261951276851,0.882009828565392,0.352618458531844,-0.982697861915514,-0.535154875673322,-0.323144917452488,0.063125207874795,-0.0457250397963256,0.24234227870763,0.444088269815748,0.545605840946986,0.802803854646965,0.0643424173148741,-0.164919976727521,0.0156880719416823,-0.188176615810174,-0.234673637434255,0.000185895457934234,0.0752304077337686,0.00235141245947783,0.150136618101032,0.293252081416592,0.433834026314389,0.558603762354369,0.275361855569731,-30142.0290770914
0.309143015084677,0.237973472178909,0.00871628851287195,-0.138242420860228,-0.0282384721008646,-0.103493674904854,0.0265668689358004,-0.175339473888935,-0.306458525397668,-0.4560342005798,-0.698469855902376,0.34517640723377,1.35686914367142,-0.071832473709866,0.141821201470134,-0.0682022336653088,-0.0484196928783303,-0.00329633119992168,0.0148536963724946,-0.0695040355799109,-0.0558185195065364,-0.0991717947861994,-0.136630312756823,0.182507120897887,-1.20757064891757,-0.0233053139467357,0.318096870451484,0.0331402547928157,-0.0661989671436473,0.0900272848401336,0.0280207581103317,0.176853214993177,0.286719005682681,0.402774061790028,0.655555325491814,0.114403448858966,-0.899983991973015,0.0966603760431891,0.178062384866299,-0.12929357473211,-0.0811849069224579,0.0650875464237417,0.0304436556343442,0.164862694010805,0.253606804972964,0.323874533058477,0.287995439209658,0.133548520980411,0.266974607940128,0.0929373552162299,-0.0460305086699297,-0.172976594198158,0.022463347511563,0.023536307636238,0.00951690617560366,0.177781786540159,0.260481979286538,0.332584871036471,0.458372978962219,0.0740330527457372,-0.248386797861883,0.0769035030266869,-0.0847354562382394,-0.168683589094553,-0.0265989058933024,-0.014055575930699,0.0151182719354575,0.0856497960318779,0.13691263051919,0.129164850343555,-0.00120478203363869,0.128713118743994,-0.52976857129404,0.0243015519091792,-0.0694810971030661,-0.0792367709858453,-0.0624519107075038,0.107891863220753,0.0113369916184671,0.139004867264929,0.155945108002217,0.265897725336092,0.400075942808619,0.129262690138531,0.881567618855165,0.352668658328679,-0.982681720498462,-0.535130308750451,-0.323124104130429,0.0631414093457866,-0.0457204797613359,0.242378440582056,0.444142430371398,0.545587840153921,0.802799342890251,0.0643583086764962,-0.165372760376031,0.0157298863102007,-0.188171871672114,-0.234653052541531,0.000212160693017595,0.0752428833031158,0.00235704846795064,0.150139725792905,0.293300962390389,0.43383275921106,0.558585632537059,0.275402207285846,-30142.0290624648
0.30871162763584,0.238029444129102,0.00874309420265479,-0.138241914185017,-0.0282191175188943,-0.103461890562729,0.0265725812116814,-0.17535173939726,-0.306484167839216,-0.456036310472873,-0.698490985312122,0.345192407959871,1.3564565713732,-0.071788043264934,0.141867860106604,-0.0681823052999982,-0.0483958880161423,-0.00326423628761687,0.0148596428234785,-0.0695216043800925,-0.0558412315571891,-0.0991801798302819,-0.136663422593389,0.182512165515903,-1.20797994073433,-0.0232746858018598,0.318164830552535,0.0331684506470662,-0.0661801997452538,0.0900644772542532,0.0280267094670683,0.176855402986938,0.286691621073778,0.402803633314514,0.655522906173708,0.114434587281322,-0.900420731716566,0.0967210941725132,0.178082500234068,-0.129307006718942,-0.0811887825949841,0.0651370212045101,0.0304495693084447,0.164869869431788,0.253616587042608,0.323878174931653,0.2879624032956,0.133557446372194,0.266554984840492,0.0929930544768146,-0.0460072806526766,-0.172959034683644,0.0224753059521138,0.0235388046944335,0.00952202401455746,0.177825693254473,0.260471572169147,0.332633074523687,0.458440107266473,0.0740253674931975,-0.248841976385915,0.0769271324968338,-0.0846278165154204,-0.168633412525496,-0.0265637869463887,-0.01403588125509,0.0151255763753097,0.0856432537693462,0.136888353326843,0.129177309257524,-0.00121486096732482,0.128736983579156,-0.530269985520349,0.0242995066478857,-0.0693606158322645,-0.0791833555109042,-0.0623486293564487,0.107893010320656,0.0113446109103964,0.139051306894949,0.155930889209035,0.265954517551521,0.400137770520547,0.12927897762755,0.881128802359039,0.352715577503164,-0.982675118909614,-0.535123347566541,-0.323121799549374,0.0631603536184744,-0.045712662804494,0.242376084608374,0.444116128382432,0.545634786790404,0.802791463064497,0.0643511941805259,-0.165778615797108,0.0158013224365279,-0.188149511360517,-0.234650032375442,0.00018026466823508,0.0752896237942972,0.00236321843796645,0.150132922548292,0.293256568974419,0.433827703650136,0.558517313905303,0.275370558541446,-30142.029052486
0.308573337891488,0.238029457673799,0.00881648658198817,-0.138261497171961,-0.0282073401413085,-0.103487368550268,0.0265753699775802,-0.175218694191906,-0.306503573127332,-0.456065246596592,-0.698457352359274,0.345205654127248,1.35625570100552,-0.0717704772553804,0.141922972940958,-0.0682204177774243,-0.0483980293047686,-0.00328578762595638,0.0148625676099481,-0.0693630942204327,-0.0558541106244862,-0.0991977417143643,-0.136619354832594,0.182551690883867,-1.20816751115349,-0.0232791005259631,0.31824689530337,0.0331486792738275,-0.0661612828524073,0.0900267560658578,0.0280301488211926,0.177013598117016,0.286725265662318,0.402784494656702,0.655616736099232,0.114444271509198,-0.900652903894226,0.0967584109925528,0.178118525520855,-0.129345653917647,-0.0811577441406828,0.065110355172202,0.0304529543782935,0.164944210633658,0.253514337461874,0.323772818456822,0.287919436713509,0.133570644863057,0.266322873642685,0.0930241662867976,-0.0459558435262038,-0.173007786861444,0.0224636869818301,0.0235208143933315,0.0095257563817402,0.177941393634062,0.260458015935549,0.332607176956322,0.458457373917587,0.0740396993537159,-0.249033410374718,0.0769453429703784,-0.0845843340505072,-0.168679943977442,-0.0265548813479073,-0.0140590856479724,0.0151283728098623,0.0857939962958347,0.136897165532234,0.129162997576551,-0.00115792613770984,0.128752963793826,-0.530443771008277,0.0243698985908346,-0.0693942481046491,-0.079270447987439,-0.0624363747587259,0.10788895042427,0.0113454490533229,0.139217904775704,0.155995366777142,0.265966503752303,0.400191746533198,0.129307882230105,0.880954811617121,0.352713280485765,-0.982569068620742,-0.535121710378874,-0.323104920296901,0.0631647949536476,-0.0457081723368389,0.242433523329509,0.444061412086256,0.54550231480663,0.802700190464509,0.0643776321416329,-0.165990678523392,0.015788522492071,-0.18807080175089,-0.234665762157428,0.000247379651814402,0.0752414706990829,0.00236650586164356,0.150276844024989,0.293254576840191,0.43381040213244,0.558601230291813,0.275406726947655,-30142.0290502272
0.308333536051779,0.238042282153878,0.00883090772579335,-0.138218174939587,-0.0282005403408207,-0.103510116880366,0.0265786321644571,-0.175222290856673,-0.306397534838926,-0.455973543269733,-0.69841522457259,0.345196809271063,1.35603674255779,-0.0717461995303387,0.141917752578497,-0.0681844314667388,-0.0484016812839851,-0.00331106556188467,0.0148656286540483,-0.0693844593373422,-0.0557477370672158,-0.0991049675185613,-0.136577849775861,0.182503209873728,-1.20842294733107,-0.0232157850718529,0.318198980497947,0.0331599276128127,-0.0661935453970205,0.0900300486240108,0.0280328198333138,0.176967585657703,0.286760284093429,0.402828073822289,0.655561667093802,0.11443192432921,-0.900869590050988,0.0967459161068451,0.178170739821812,-0.129280730183033,-0.0811667556042313,0.0650850345373275,0.0304560220039234,0.164998003369285,0.253689258648139,0.323934505404408,0.288035297950912,0.133584243824907,0.266094781451245,0.0930285457230334,-0.0459383173643339,-0.172956351180732,0.022499988092474,0.0235163532766358,0.00952921954122249,0.177902125742983,0.260522218473153,0.332628186241525,0.458418312051481,0.0740389363667205,-0.249196839469046,0.076954868025287,-0.0845829370766561,-0.168634660610976,-0.0265752142863867,-0.0140769390506026,0.0151306044784501,0.085807971682272,0.137017832184327,0.129279897256201,-0.00111379025500671,0.12873186866383,-0.530558821903087,0.0243816039942546,-0.0693944039991189,-0.0792346356532726,-0.062394287348116,0.107874429733855,0.0113475843633456,0.139126681378801,0.155965986133906,0.265934950536055,0.400105312800188,0.129274493253014,0.880780419160624,0.352750598392881,-0.982607700931516,-0.535128086758802,-0.323085411575288,0.0631196031626222,-0.0457078201998665,0.242435066709974,0.444125076257553,0.545595189590211,0.802781207761531,0.0643609280058553,-0.166214019253836,0.0158219203305692,-0.188069579801772,-0.234636103920879,0.00019727481305361,0.0752413445773868,0.00236915929060177,0.150287866989919,0.293392072768703,0.433919245456425,0.558633223385491,0.27539778315966,-30142.0290462035
0.308235642822013,0.238053552939197,0.0088214220317117,-0.138193376770416,-0.0282198736908188,-0.103461157240382,0.0265796685531635,-0.175289507006557,-0.30638547903295,-0.455927116431191,-0.698382825457202,0.345185202036461,1.35595526901343,-0.0717418267949359,0.141917166396195,-0.0681597338634269,-0.0484023830297732,-0.00325965025134485,0.0148663933642325,-0.0694818372398137,-0.0557778836574759,-0.0991039596380824,-0.136577009940367,0.182530024572308,-1.20852803942188,-0.023219999938154,0.318204099124543,0.0331851699667072,-0.0661764163372735,0.0900474934028631,0.0280337858167272,0.176921067729741,0.286805482751058,0.402907396841775,0.6556834583285,0.114428471092682,-0.900915396872418,0.0967453543788481,0.178151338355134,-0.129249148696911,-0.0811569578258861,0.0651361729151585,0.0304567232032761,0.164921614027438,0.253691220140299,0.323980549450268,0.28805442240092,0.133530872310474,0.266054683332865,0.0930244519740312,-0.0459290712683449,-0.172920949321858,0.0224704479105999,0.0235475420207699,0.00952948050437221,0.177865296184556,0.260561923430591,0.332742821509996,0.458523687875207,0.0740185832566939,-0.249294686457542,0.0769835853311983,-0.0846190984786519,-0.168631313940647,-0.0265682926259956,-0.0140346128942304,0.0151311937102953,0.0856661016073536,0.136944834113369,0.129234749024483,-0.00113340081033054,0.12873750008689,-0.530680427902867,0.0243594146956079,-0.0693555060350786,-0.0791769949197197,-0.0623951758488822,0.107906688615809,0.0113498747755917,0.139075949287494,0.15603507883596,0.266038708003449,0.400212807148974,0.129280539533992,0.880697338034534,0.352764181320305,-0.982605765860783,-0.535093388656212,-0.323133651909221,0.063189186416871,-0.0457079692482336,0.242411320208764,0.444191966467212,0.545686700080043,0.802836668731814,0.0643482104307065,-0.166273596755797,0.0158252489652445,-0.188087447459967,-0.234611700321645,0.000231140050220432,0.0752727669989047,0.00236994240927171,0.15017301323488,0.293319099857231,0.433909815450451,0.558636112185278,0.275385782359027,-30142.029045652
0.3081567444622,0.238068766265462,0.00881344050338084,-0.138210994897342,-0.028222678718907,-0.103437071633943,0.0265808367112974,-0.175246440291312,-0.306428195820121,-0.455980225065589,-0.698430067934194,0.345227280501418,1.35590754194232,-0.0717483249697926,0.141927783575437,-0.0681566754205683,-0.048394971011323,-0.00323088103181368,0.0148678482974914,-0.0694062311923488,-0.0557840227392913,-0.0991239370009442,-0.136613375120764,0.182530494864913,-1.2085856989252,-0.0232332347898092,0.318233988297079,0.0332047815389855,-0.066182323369619,0.0900932420059864,0.0280354408851335,0.176982452128283,0.286798161112064,0.402872958118457,0.655617472903848,0.114452992869866,-0.900963616657414,0.0967628829841106,0.178148720903078,-0.129276941991395,-0.0811850307435571,0.0651423749448559,0.0304572793157124,0.164939633141083,0.253632622905185,0.323919717606724,0.288027746403917,0.133633761495143,0.266029834468464,0.0930325886609775,-0.0459434122724318,-0.172946830412572,0.0224686108604027,0.0235694616322859,0.00953022351407998,0.177884180398589,0.260521232168712,0.332664894180581,0.458468088141958,0.0740753625550906,-0.249436438009018,0.076996569809982,-0.0846151175967632,-0.168631181094605,-0.0265675327260017,-0.0139821451726178,0.0151336071038559,0.0857423378692919,0.136937630706503,0.129198289532802,-0.00121408512199453,0.128744495437314,-0.530869992018748,0.0243929104088075,-0.0693562514343473,-0.0791961198136168,-0.0623972047156591,0.107941058579845,0.0113519792064766,0.139140547128831,0.155996873778049,0.265977491218283,0.400144999780816,0.129318052290933,0.880554577813079,0.352749117790675,-0.982565571343506,-0.535091147868407,-0.32312071087552,0.063179380281767,-0.0457036846687398,0.242460325895115,0.44418727632855,0.545669905847287,0.802865247867931,0.0643993244885113,-0.166310074888579,0.0158177736843319,-0.188054222060478,-0.234611714187442,0.000216236371804309,0.0753162492477542,0.00237150414853605,0.15021499068296,0.293310076864438,0.433857861112615,0.558563571868309,0.275416031195618,-30142.0290451668
0.308089120250299,0.238075183285721,0.00882589773377682,-0.138224668114414,-0.0281970571642753,-0.103456537575692,0.0265822896368679,-0.175234357359444,-0.306429638473958,-0.456065427618631,-0.698518976547117,0.345229785881655,1.35582128197023,-0.0717388070031345,0.141947054098823,-0.0681711852461185,-0.0483806198185511,-0.00326883806470891,0.0148692672219408,-0.069400139629039,-0.0557820633874293,-0.0991964800712233,-0.136663334469505,0.182572035752232,-1.20863315221677,-0.0232025955186486,0.318212930533267,0.0331572280018184,-0.0661660116543324,0.090065899806152,0.0280362639765909,0.176953261637401,0.286720818106139,0.40274035774213,0.655484667471956,0.114476970512954,-0.901068061097144,0.0967772406594792,0.178148720743119,-0.129294986794775,-0.0811658521564168,0.0651450536613333,0.0304592031273554,0.16499984708844,0.253672081691875,0.323854688575441,0.287932742851711,0.133576090884685,0.265916114928499,0.0930437648118396,-0.0459287541821438,-0.172945028986936,0.0225072334967366,0.0235661111869429,0.00953227820587244,0.177899706744627,0.26048119805851,0.3325477465282,0.458323369334902,0.0740662852939349,-0.249493281977579,0.0769758245337211,-0.0845494893146896,-0.168623474692737,-0.0265381923745015,-0.0140397027917364,0.0151354641833824,0.0857599105523853,0.136946279790009,0.129157765722218,-0.00121525490112555,0.128793570730935,-0.53092241891783,0.0244054105955283,-0.0693544502436603,-0.0792182328040681,-0.0623895836044334,0.107921402108389,0.0113535344360647,0.139132592625665,0.155964969545946,0.26588750578745,0.400047805067865,0.129321685136719,0.880455603835623,0.352753694492967,-0.982564101749344,-0.535088734275654,-0.323086910513964,0.063175152261064,-0.0457021777913995,0.242487425097329,0.444175858734058,0.545602116424012,0.802746504980584,0.0644048951890415,-0.166442742387583,0.0158442484959353,-0.188073753337197,-0.234637288126716,0.000226849574996212,0.0752796224944626,0.00237270744764196,0.150265536128472,0.29332223258302,0.433818922116236,0.558532478859387,0.275438301865183,-30142.0290443852
0.308025375020095,0.238076377781529,0.00887251227769741,-0.138187651853156,-0.0281604145157625,-0.103476519994519,0.0265831195401968,-0.175272544287635,-0.306489073336565,-0.456059494705414,-0.698484239788017,0.345170612352628,1.35575066907906,-0.0717193143504666,0.141961651129057,-0.0681539106886702,-0.0483576052623176,-0.0032734783571895,0.0148696973271986,-0.0694249263402417,-0.0558401686168881,-0.0991913754730632,-0.136646381844624,0.182495830347983,-1.20866037343211,-0.0232165688642326,0.318274022511042,0.033208403595277,-0.0661265153465405,0.09004743518245,0.0280370300285097,0.176932363536404,0.286702776370392,0.402764452860634,0.655544575498163,0.114393168038345,-0.901197479555021,0.0967822701535408,0.178214211664308,-0.129247234232894,-0.0811054474081123,0.0651130679539351,0.0304611296678944,0.164913558351581,0.253557910833268,0.323818271872376,0.287945913960839,0.13354783863077,0.265786480730566,0.093066852808323,-0.0458991957918736,-0.172933290061432,0.0225215676289097,0.0235399284701399,0.00953349968413741,0.17787634087469,0.260462644104498,0.332590868845815,0.458408567654002,0.0740065048887456,-0.24947122619431,0.0769845862345477,-0.084544754357781,-0.168608742810756,-0.0265218567176216,-0.0140441611267732,0.0151345908535792,0.0857458536647599,0.136916138938201,0.129180412917135,-0.0011832103321319,0.128702160757615,-0.530838840363079,0.0243755494006302,-0.0693042686756163,-0.0791676991940386,-0.0623566095770452,0.107891183303771,0.0113525420026659,0.139127861590166,0.155964175855771,0.265937956275949,0.400142390724123,0.129252675855734,0.880459488986875,0.352788765256545,-0.982559752384899,-0.535090105209394,-0.323067006304962,0.0631598736714045,-0.0457035437338459,0.242417956914042,0.44407483841956,0.545542931340348,0.802736373356499,0.0643286986836834,-0.166556864337451,0.0158588675402241,-0.188030536519515,-0.234606294456316,0.000252918056938605,0.0752614865949301,0.00237421925837657,0.150234702240068,0.293291826585062,0.433836211496663,0.558591777323281,0.275363635650424,-30142.0290440976
0.30802362847995,0.238077071758559,0.00882913429132995,-0.138206706091468,-0.028177005994683,-0.103470419328942,0.0265832360859427,-0.175269039148636,-0.306443580513573,-0.456024594451517,-0.698460289918827,0.34519123657096,1.35572727800839,-0.071720715283347,0.141932983182816,-0.068165757307856,-0.0483615628375388,-0.00327239710046068,0.0148704022622407,-0.069441377657657,-0.0558082704516046,-0.0991746940314789,-0.136633667524125,0.182511952977799,-1.20871967474352,-0.023213788671668,0.318237764888751,0.0331948034905788,-0.0661424668377484,0.0900581758617151,0.028037549365382,0.176951736328538,0.286749825310614,0.40281769979735,0.6555676123016,0.114440077774219,-0.901171542600163,0.0967795232892344,0.178158301451743,-0.12927236329743,-0.0811320250215224,0.0651314242237565,0.0304606358377766,0.164940733040645,0.253638134619757,0.323870407030486,0.287968025551537,0.133570349273814,0.265800374566594,0.093051293173003,-0.0459151317990665,-0.172928009511369,0.0225143653577293,0.0235414784897934,0.00953352123645536,0.177897024643019,0.260508720872152,0.332638210139782,0.458439235704739,0.0740331887064716,-0.249527651259828,0.0770092258440294,-0.0846037418756944,-0.16864116818331,-0.0265442029557843,-0.0140367715666094,0.0151350372400391,0.0857201243105822,0.136922723672817,0.129174960731,-0.00119891296258219,0.128735144029798,-0.530898521971068,0.0243970548198557,-0.0693626875152903,-0.0792079898567315,-0.0623646508509973,0.107906693589256,0.0113528750364048,0.139114354271722,0.155968808616878,0.265941103907366,0.400117566523764,0.129285603356286,0.880474710957351,0.352774232197113,-0.982593407392454,-0.53509904169661,-0.323076242268359,0.063167259369038,-0.0457027530971274,0.242405740910601,0.44412108585852,0.545562292016247,0.802744768287358,0.0643599229719845,-0.166508711079157,0.0158315273032811,-0.188041796295746,-0.234600263179287,0.000257792607163875,0.0752736831775424,0.00237429317670412,0.150231661787829,0.293314647097634,0.433854119752756,0.558572005631372,0.27539943692778,-30142.0290430038
